ACCOUNT_NAME,CAMPAIGN_NAME,ADGROUP_NAME,AD_NAME,DEVICE,ACCOUNT_ID,CAMPAIGN_ID,ADGROUP_ID,AD_ID,DAY,TRACKING_URL,IMPS,CLICKS,COST,CONVERSIONS,CONV_VALUE
primeNumber,30_ETL,30_01_ETL,30_01_ETL_2,PC,877045,1624735,297442186,645157514,2019-11-27,--,7.0,0.0,0.0,0.0,0.0
primeNumber,30_ETL,30_01_ETL,30_01_ETL_2,PC,877045,1624735,297442186,645157514,2019-11-28,--,5.0,0.0,0.0,0.0,0.0
primeNumber,30_ETL,30_01_ETL,30_01_ETL_2,PC,877045,1624735,297442186,645157514,2019-11-29,--,6.0,0.0,0.0,0.0,0.0
primeNumber,30_ETL,30_01_ETL,30_01_ETL_2,PC,877045,1624735,297442186,645157514,2019-11-30,--,4.0,0.0,0.0,0.0,0.0
primeNumber,30_ETL,30_01_ETL,30_01_ETL_2,PC,877045,1624735,297442186,645157514,2019-12-02,--,5.0,0.0,0.0,0.0,0.0
primeNumber,30_ETL,30_01_ETL,30_01_ETL_2,PC,877045,1624735,297442186,645157514,2019-12-03,--,7.0,0.0,0.0,0.0,0.0
primeNumber,30_ETL,30_01_ETL,30_01_ETL_2,PC,877045,1624735,297442186,645157514,2019-12-04,--,7.0,0.0,0.0,0.0,0.0
primeNumber,30_ETL,30_01_ETL,30_01_ETL_2,PC,877045,1624735,297442186,645157514,2019-12-05,--,8.0,0.0,0.0,0.0,0.0
primeNumber,30_ETL,30_01_ETL,30_01_ETL_2,PC,877045,1624735,297442186,645157514,2019-12-06,--,6.0,0.0,0.0,0.0,0.0
primeNumber,30_ETL,30_01_ETL,30_01_ETL_2,PC,877045,1624735,297442186,645157514,2019-12-07,--,1.0,0.0,0.0,0.0,0.0
primeNumber,30_ETL,30_01_ETL,30_01_ETL_2,PC,877045,1624735,297442186,645157514,2019-12-08,--,2.0,0.0,0.0,0.0,0.0
primeNumber,30_ETL,30_01_ETL,30_01_ETL_2,PC,877045,1624735,297442186,645157514,2019-12-09,--,3.0,0.0,0.0,0.0,0.0
primeNumber,30_ETL,30_01_ETL,30_01_ETL_2,PC,877045,1624735,297442186,645157514,2019-12-10,--,3.0,0.0,0.0,0.0,0.0
primeNumber,30_ETL,30_01_ETL,30_01_ETL_2,PC,877045,1624735,297442186,645157514,2019-12-11,--,3.0,1.0,92.0,0.0,0.0
primeNumber,30_ETL,30_01_ETL,30_01_ETL_2,PC,877045,1624735,297442186,645157514,2019-12-12,--,4.0,0.0,0.0,0.0,0.0
primeNumber,30_ETL,30_01_ETL,30_01_ETL_2,PC,877045,1624735,297442186,645157514,2019-12-13,--,2.0,0.0,0.0,0.0,0.0
primeNumber,30_ETL,30_01_ETL,30_01_ETL_2,PC,877045,1624735,297442186,645157514,2019-12-14,--,3.0,0.0,0.0,0.0,0.0
primeNumber,30_ETL,30_01_ETL,30_01_ETL_2,PC,877045,1624735,297442186,645157514,2019-12-15,--,2.0,0.0,0.0,0.0,0.0
primeNumber,30_ETL,30_01_ETL,30_01_ETL_2,PC,877045,1624735,297442186,645157514,2019-12-17,--,5.0,0.0,0.0,0.0,0.0
primeNumber,30_ETL,30_01_ETL,30_01_ETL_2,PC,877045,1624735,297442186,645157514,2019-12-18,--,3.0,0.0,0.0,0.0,0.0
primeNumber,30_ETL,30_01_ETL,30_01_ETL_2,PC,877045,1624735,297442186,645157514,2019-12-20,--,2.0,0.0,0.0,0.0,0.0
primeNumber,30_ETL,30_01_ETL,30_01_ETL_2,PC,877045,1624735,297442186,645157514,2019-12-21,--,1.0,0.0,0.0,0.0,0.0
primeNumber,30_ETL,30_01_ETL,30_01_ETL_2,PC,877045,1624735,297442186,645157514,2019-12-23,--,5.0,0.0,0.0,0.0,0.0
primeNumber,30_ETL,30_01_ETL,30_01_ETL_2,PC,877045,1624735,297442186,645157514,2019-12-24,--,3.0,0.0,0.0,0.0,0.0
primeNumber,30_ETL,30_01_ETL,30_01_ETL_2,PC,877045,1624735,297442186,645157514,2019-12-25,--,2.0,0.0,0.0,0.0,0.0
primeNumber,30_ETL,30_01_ETL,30_01_ETL_2,PC,877045,1624735,297442186,645157514,2019-12-26,--,3.0,0.0,0.0,0.0,0.0
primeNumber,30_ETL,30_01_ETL,30_01_ETL_2,PC,877045,1624735,297442186,645157514,2019-12-27,--,2.0,0.0,0.0,0.0,0.0
primeNumber,30_ETL,30_01_ETL,30_01_ETL_2,PC,877045,1624735,297442186,645157514,2020-01-06,--,3.0,0.0,0.0,0.0,0.0
primeNumber,30_ETL,30_01_ETL,30_01_ETL_2,PC,877045,1624735,297442186,645157514,2020-01-07,--,7.0,0.0,0.0,0.0,0.0
primeNumber,30_ETL,30_01_ETL,30_01_ETL_2,PC,877045,1624735,297442186,645157514,2020-01-08,--,8.0,0.0,0.0,0.0,0.0
primeNumber,30_ETL,30_01_ETL,30_01_ETL_2,PC,877045,1624735,297442186,645157514,2020-01-09,--,4.0,0.0,0.0,0.0,0.0
primeNumber,30_ETL,30_01_ETL,30_01_ETL_2,PC,877045,1624735,297442186,645157514,2020-01-10,--,4.0,0.0,0.0,0.0,0.0
primeNumber,30_ETL,30_01_ETL,30_01_ETL_2,PC,877045,1624735,297442186,645157514,2020-01-13,--,2.0,0.0,0.0,0.0,0.0
primeNumber,30_ETL,30_01_ETL,30_01_ETL_2,PC,877045,1624735,297442186,645157514,2020-01-14,--,2.0,0.0,0.0,0.0,0.0
primeNumber,30_ETL,30_01_ETL,30_01_ETL_2,PC,877045,1624735,297442186,645157514,2020-01-15,--,4.0,0.0,0.0,0.0,0.0
primeNumber,30_ETL,30_01_ETL,30_01_ETL_2,PC,877045,1624735,297442186,645157514,2020-01-16,--,4.0,0.0,0.0,0.0,0.0
primeNumber,30_ETL,30_01_ETL,30_01_ETL_2,PC,877045,1624735,297442186,645157514,2020-01-17,--,5.0,0.0,0.0,0.0,0.0
primeNumber,30_ETL,30_01_ETL,30_01_ETL_2,PC,877045,1624735,297442186,645157514,2020-01-18,--,2.0,0.0,0.0,0.0,0.0
primeNumber,30_ETL,30_01_ETL,30_01_ETL_2,PC,877045,1624735,297442186,645157514,2020-01-20,--,2.0,0.0,0.0,0.0,0.0
primeNumber,30_ETL,30_01_ETL,30_01_ETL_2,PC,877045,1624735,297442186,645157514,2020-01-21,--,3.0,0.0,0.0,0.0,0.0
primeNumber,30_ETL,30_01_ETL,30_01_ETL_2,PC,877045,1624735,297442186,645157514,2020-01-22,--,1.0,0.0,0.0,0.0,0.0
primeNumber,30_ETL,30_01_ETL,30_01_ETL_2,PC,877045,1624735,297442186,645157514,2020-01-23,--,2.0,0.0,0.0,0.0,0.0
primeNumber,30_ETL,30_01_ETL,30_01_ETL_2,PC,877045,1624735,297442186,645157514,2020-01-25,--,3.0,0.0,0.0,0.0,0.0
primeNumber,30_ETL,30_01_ETL,30_01_ETL_2,PC,877045,1624735,297442186,645157514,2020-01-26,--,1.0,0.0,0.0,0.0,0.0
primeNumber,30_ETL,30_01_ETL,30_01_ETL_2,PC,877045,1624735,297442186,645157514,2020-01-27,--,7.0,0.0,0.0,0.0,0.0
primeNumber,30_ETL,30_01_ETL,30_01_ETL_2,PC,877045,1624735,297442186,645157514,2020-01-28,--,1.0,0.0,0.0,0.0,0.0
primeNumber,30_ETL,30_01_ETL,30_01_ETL_2,PC,877045,1624735,297442186,645157514,2020-01-29,--,1.0,0.0,0.0,0.0,0.0
primeNumber,30_ETL,30_01_ETL,30_01_ETL_2,PC,877045,1624735,297442186,645157514,2020-01-30,--,6.0,0.0,0.0,0.0,0.0
primeNumber,30_ETL,30_01_ETL,30_01_ETL_2,PC,877045,1624735,297442186,645157514,2020-01-31,--,7.0,0.0,0.0,0.0,0.0
primeNumber,30_ETL,30_01_ETL,30_01_ETL_2,PC,877045,1624735,297442186,645157514,2020-02-01,--,2.0,0.0,0.0,0.0,0.0
primeNumber,30_ETL,30_01_ETL,30_01_ETL_2,PC,877045,1624735,297442186,645157514,2020-02-03,--,8.0,0.0,0.0,0.0,0.0
primeNumber,30_ETL,30_01_ETL,30_01_ETL_2,PC,877045,1624735,297442186,645157514,2020-02-04,--,4.0,0.0,0.0,0.0,0.0
primeNumber,30_ETL,30_01_ETL,30_01_ETL_2,PC,877045,1624735,297442186,645157514,2020-02-05,--,2.0,0.0,0.0,0.0,0.0
primeNumber,30_ETL,30_01_ETL,30_01_ETL_2,PC,877045,1624735,297442186,645157514,2020-02-06,--,5.0,0.0,0.0,0.0,0.0
primeNumber,30_ETL,30_01_ETL,30_01_ETL_2,PC,877045,1624735,297442186,645157514,2020-02-07,--,1.0,0.0,0.0,0.0,0.0
primeNumber,30_ETL,30_01_ETL,30_01_ETL_2,PC,877045,1624735,297442186,645157514,2020-02-08,--,1.0,0.0,0.0,0.0,0.0
primeNumber,30_ETL,30_01_ETL,30_01_ETL_2,PC,877045,1624735,297442186,645157514,2020-02-10,--,4.0,0.0,0.0,0.0,0.0
primeNumber,30_ETL,30_01_ETL,30_01_ETL_2,PC,877045,1624735,297442186,645157514,2020-02-12,--,2.0,0.0,0.0,0.0,0.0
primeNumber,30_ETL,30_01_ETL,30_01_ETL_2,PC,877045,1624735,297442186,645157514,2020-02-13,--,3.0,0.0,0.0,0.0,0.0
primeNumber,30_ETL,30_01_ETL,30_01_ETL_2,PC,877045,1624735,297442186,645157514,2020-02-14,--,2.0,0.0,0.0,0.0,0.0
primeNumber,30_ETL,30_01_ETL,30_01_ETL_2,PC,877045,1624735,297442186,645157514,2020-02-15,--,1.0,0.0,0.0,0.0,0.0
primeNumber,30_ETL,30_01_ETL,30_01_ETL_2,PC,877045,1624735,297442186,645157514,2020-02-17,--,2.0,0.0,0.0,0.0,0.0
primeNumber,30_ETL,30_01_ETL,30_01_ETL_2,PC,877045,1624735,297442186,645157514,2020-02-18,--,5.0,0.0,0.0,0.0,0.0
primeNumber,30_ETL,30_01_ETL,30_01_ETL_2,PC,877045,1624735,297442186,645157514,2020-02-19,--,6.0,0.0,0.0,0.0,0.0
primeNumber,30_ETL,30_01_ETL,30_01_ETL_2,PC,877045,1624735,297442186,645157514,2020-02-20,--,1.0,0.0,0.0,0.0,0.0
primeNumber,30_ETL,30_01_ETL,30_01_ETL_2,PC,877045,1624735,297442186,645157514,2020-02-21,--,1.0,0.0,0.0,0.0,0.0
primeNumber,30_ETL,30_01_ETL,30_01_ETL_2,PC,877045,1624735,297442186,645157514,2020-02-22,--,1.0,0.0,0.0,0.0,0.0
primeNumber,30_ETL,30_01_ETL,30_01_ETL_2,PC,877045,1624735,297442186,645157514,2020-02-25,--,7.0,0.0,0.0,0.0,0.0
primeNumber,30_ETL,30_01_ETL,30_01_ETL_2,PC,877045,1624735,297442186,645157514,2020-02-26,--,2.0,0.0,0.0,0.0,0.0
primeNumber,30_ETL,30_01_ETL,30_01_ETL_2,PC,877045,1624735,297442186,645157514,2020-02-28,--,1.0,0.0,0.0,0.0,0.0
primeNumber,30_ETL,30_01_ETL,30_01_ETL_2,PC,877045,1624735,297442186,645157514,2020-02-29,--,1.0,0.0,0.0,0.0,0.0
primeNumber,30_ETL,30_01_ETL,30_01_ETL_2,PC,877045,1624735,297442186,645157514,2020-03-02,--,1.0,0.0,0.0,0.0,0.0
primeNumber,30_ETL,30_01_ETL,30_01_ETL_2,PC,877045,1624735,297442186,645157514,2020-03-03,--,5.0,0.0,0.0,0.0,0.0
primeNumber,30_ETL,30_01_ETL,30_01_ETL_2,PC,877045,1624735,297442186,645157514,2020-03-04,--,3.0,0.0,0.0,0.0,0.0
primeNumber,30_ETL,30_01_ETL,30_01_ETL_2,PC,877045,1624735,297442186,645157514,2020-03-05,--,1.0,0.0,0.0,0.0,0.0
primeNumber,30_ETL,30_01_ETL,30_01_ETL_2,PC,877045,1624735,297442186,645157514,2020-03-06,--,4.0,0.0,0.0,0.0,0.0
primeNumber,30_ETL,30_01_ETL,30_01_ETL_2,PC,877045,1624735,297442186,645157514,2020-03-07,--,1.0,0.0,0.0,0.0,0.0
primeNumber,30_ETL,30_01_ETL,30_01_ETL_2,PC,877045,1624735,297442186,645157514,2020-03-09,--,6.0,0.0,0.0,0.0,0.0
primeNumber,30_ETL,30_01_ETL,30_01_ETL_2,PC,877045,1624735,297442186,645157514,2020-03-10,--,1.0,0.0,0.0,0.0,0.0
primeNumber,30_ETL,30_01_ETL,30_01_ETL_2,PC,877045,1624735,297442186,645157514,2020-03-11,--,3.0,0.0,0.0,0.0,0.0
primeNumber,30_ETL,30_01_ETL,30_01_ETL_2,PC,877045,1624735,297442186,645157514,2020-03-12,--,7.0,0.0,0.0,0.0,0.0
primeNumber,30_ETL,30_01_ETL,30_01_ETL_2,PC,877045,1624735,297442186,645157514,2020-03-13,--,6.0,0.0,0.0,0.0,0.0
primeNumber,30_ETL,30_01_ETL,30_01_ETL_2,PC,877045,1624735,297442186,645157514,2020-03-15,--,1.0,0.0,0.0,0.0,0.0
primeNumber,30_ETL,30_01_ETL,30_01_ETL_2,PC,877045,1624735,297442186,645157514,2020-03-16,--,6.0,0.0,0.0,0.0,0.0
primeNumber,30_ETL,30_01_ETL,30_01_ETL_2,PC,877045,1624735,297442186,645157514,2020-03-17,--,2.0,0.0,0.0,0.0,0.0
primeNumber,30_ETL,30_01_ETL,30_01_ETL_2,PC,877045,1624735,297442186,645157514,2020-03-18,--,1.0,0.0,0.0,0.0,0.0
primeNumber,30_ETL,30_01_ETL,30_01_ETL_2,PC,877045,1624735,297442186,645157514,2020-03-19,--,7.0,0.0,0.0,0.0,0.0
primeNumber,30_ETL,30_01_ETL,30_01_ETL_2,PC,877045,1624735,297442186,645157514,2020-03-20,--,1.0,0.0,0.0,0.0,0.0
primeNumber,30_ETL,30_01_ETL,30_01_ETL_2,PC,877045,1624735,297442186,645157514,2020-03-23,--,4.0,0.0,0.0,0.0,0.0
primeNumber,30_ETL,30_01_ETL,30_01_ETL_2,PC,877045,1624735,297442186,645157514,2020-03-24,--,4.0,0.0,0.0,0.0,0.0
primeNumber,30_ETL,30_01_ETL,30_01_ETL_2,PC,877045,1624735,297442186,645157514,2020-03-25,--,1.0,0.0,0.0,0.0,0.0
primeNumber,30_ETL,30_01_ETL,30_01_ETL_2,フルブラウザ搭載のタブレット端末,877045,1624735,297442186,645157514,2019-12-26,--,1.0,0.0,0.0,0.0,0.0
primeNumber,30_ETL,30_01_ETL,30_01_ETL_2,フルブラウザ搭載のタブレット端末,877045,1624735,297442186,645157514,2020-01-13,--,1.0,0.0,0.0,0.0,0.0
primeNumber,30_ETL,30_01_ETL,30_01_ETL_2,フルブラウザ搭載のタブレット端末,877045,1624735,297442186,645157514,2020-01-26,--,1.0,0.0,0.0,0.0,0.0
primeNumber,30_ETL,30_01_ETL,30_01_ETL_2,フルブラウザ搭載のタブレット端末,877045,1624735,297442186,645157514,2020-02-12,--,1.0,0.0,0.0,0.0,0.0
primeNumber,30_ETL,30_01_ETL,30_01_ETL_2,フルブラウザ搭載の携帯端末,877045,1624735,297442186,645157514,2019-11-27,--,1.0,0.0,0.0,0.0,0.0
primeNumber,30_ETL,30_01_ETL,30_01_ETL_2,フルブラウザ搭載の携帯端末,877045,1624735,297442186,645157514,2019-12-03,--,2.0,0.0,0.0,0.0,0.0
primeNumber,30_ETL,30_01_ETL,30_01_ETL_2,フルブラウザ搭載の携帯端末,877045,1624735,297442186,645157514,2019-12-07,--,1.0,0.0,0.0,0.0,0.0
primeNumber,30_ETL,30_01_ETL,30_01_ETL_2,フルブラウザ搭載の携帯端末,877045,1624735,297442186,645157514,2019-12-08,--,1.0,0.0,0.0,0.0,0.0
primeNumber,30_ETL,30_01_ETL,30_01_ETL_2,フルブラウザ搭載の携帯端末,877045,1624735,297442186,645157514,2019-12-09,--,2.0,0.0,0.0,0.0,0.0
primeNumber,30_ETL,30_01_ETL,30_01_ETL_2,フルブラウザ搭載の携帯端末,877045,1624735,297442186,645157514,2019-12-10,--,2.0,0.0,0.0,0.0,0.0
primeNumber,30_ETL,30_01_ETL,30_01_ETL_2,フルブラウザ搭載の携帯端末,877045,1624735,297442186,645157514,2019-12-15,--,2.0,0.0,0.0,0.0,0.0
primeNumber,30_ETL,30_01_ETL,30_01_ETL_2,フルブラウザ搭載の携帯端末,877045,1624735,297442186,645157514,2019-12-16,--,1.0,0.0,0.0,0.0,0.0
primeNumber,30_ETL,30_01_ETL,30_01_ETL_2,フルブラウザ搭載の携帯端末,877045,1624735,297442186,645157514,2019-12-18,--,1.0,0.0,0.0,0.0,0.0
primeNumber,30_ETL,30_01_ETL,30_01_ETL_2,フルブラウザ搭載の携帯端末,877045,1624735,297442186,645157514,2019-12-20,--,2.0,0.0,0.0,0.0,0.0
primeNumber,30_ETL,30_01_ETL,30_01_ETL_2,フルブラウザ搭載の携帯端末,877045,1624735,297442186,645157514,2019-12-21,--,1.0,0.0,0.0,0.0,0.0
primeNumber,30_ETL,30_01_ETL,30_01_ETL_2,フルブラウザ搭載の携帯端末,877045,1624735,297442186,645157514,2019-12-23,--,1.0,0.0,0.0,0.0,0.0
primeNumber,20_Embulk,20_01_Embulk,20_01_Embulk_002,PC,877045,1624734,297442181,645157501,2020-02-09,--,1.0,0.0,0.0,0.0,0.0
primeNumber,20_Embulk,20_01_Embulk,20_01_Embulk_002,PC,877045,1624734,297442181,645157501,2020-02-17,--,1.0,0.0,0.0,0.0,0.0
primeNumber,20_Embulk,20_01_Embulk,20_01_Embulk_002,PC,877045,1624734,297442181,645157501,2020-02-19,--,1.0,0.0,0.0,0.0,0.0
primeNumber,20_Embulk,20_01_Embulk,20_01_Embulk_002,PC,877045,1624734,297442181,645157501,2020-02-24,--,2.0,0.0,0.0,0.0,0.0
primeNumber,20_Embulk,20_01_Embulk,20_01_Embulk_002,PC,877045,1624734,297442181,645157501,2020-02-26,--,2.0,0.0,0.0,0.0,0.0
primeNumber,20_Embulk,20_01_Embulk,20_01_Embulk_002,PC,877045,1624734,297442181,645157501,2020-02-27,--,1.0,0.0,0.0,0.0,0.0
primeNumber,20_Embulk,20_01_Embulk,20_01_Embulk_002,PC,877045,1624734,297442181,645157501,2020-02-28,--,1.0,0.0,0.0,0.0,0.0
primeNumber,20_Embulk,20_01_Embulk,20_01_Embulk_002,PC,877045,1624734,297442181,645157501,2020-03-02,--,1.0,0.0,0.0,0.0,0.0
primeNumber,20_Embulk,20_01_Embulk,20_01_Embulk_002,PC,877045,1624734,297442181,645157501,2020-03-03,--,1.0,0.0,0.0,0.0,0.0
primeNumber,20_Embulk,20_01_Embulk,20_01_Embulk_002,PC,877045,1624734,297442181,645157501,2020-03-06,--,3.0,0.0,0.0,0.0,0.0
primeNumber,20_Embulk,20_01_Embulk,20_01_Embulk_002,PC,877045,1624734,297442181,645157501,2020-03-10,--,1.0,0.0,0.0,0.0,0.0
primeNumber,20_Embulk,20_01_Embulk,20_01_Embulk_002,PC,877045,1624734,297442181,645157501,2020-03-11,--,1.0,0.0,0.0,0.0,0.0
primeNumber,20_Embulk,20_01_Embulk,20_01_Embulk_002,PC,877045,1624734,297442181,645157501,2020-03-16,--,1.0,0.0,0.0,0.0,0.0
primeNumber,20_Embulk,20_01_Embulk,20_01_Embulk_002,PC,877045,1624734,297442181,645157501,2020-03-25,--,1.0,0.0,0.0,0.0,0.0
primeNumber,20_Embulk,20_01_Embulk,20_01_Embulk_002,フルブラウザ搭載の携帯端末,877045,1624734,297442181,645157501,2019-11-22,--,1.0,0.0,0.0,0.0,0.0
primeNumber,20_Embulk,20_01_Embulk,20_01_Embulk_002,フルブラウザ搭載の携帯端末,877045,1624734,297442181,645157501,2019-12-13,--,1.0,0.0,0.0,0.0,0.0
primeNumber,20_Embulk,20_01_Embulk,20_01_Embulk_002,フルブラウザ搭載の携帯端末,877045,1624734,297442181,645157501,2020-01-16,--,2.0,0.0,0.0,0.0,0.0
primeNumber,20_Embulk,20_01_Embulk,20_01_Embulk_002,フルブラウザ搭載の携帯端末,877045,1624734,297442181,645157501,2020-01-18,--,1.0,0.0,0.0,0.0,0.0
primeNumber,20_Embulk,20_01_Embulk,20_01_Embulk_002,フルブラウザ搭載の携帯端末,877045,1624734,297442181,645157501,2020-01-25,--,1.0,0.0,0.0,0.0,0.0
primeNumber,20_Embulk,20_01_Embulk,20_01_Embulk_003,PC,877045,1624734,297442181,645157502,2019-11-21,--,1.0,0.0,0.0,0.0,0.0
primeNumber,20_Embulk,20_01_Embulk,20_01_Embulk_003,PC,877045,1624734,297442181,645157502,2019-11-28,--,1.0,1.0,589.0,0.0,0.0
primeNumber,20_Embulk,20_01_Embulk,20_01_Embulk_003,PC,877045,1624734,297442181,645157502,2019-12-01,--,1.0,0.0,0.0,0.0,0.0
primeNumber,20_Embulk,20_01_Embulk,20_01_Embulk_003,PC,877045,1624734,297442181,645157502,2019-12-05,--,1.0,0.0,0.0,0.0,0.0
primeNumber,20_Embulk,20_01_Embulk,20_01_Embulk_003,PC,877045,1624734,297442181,645157502,2019-12-13,--,2.0,0.0,0.0,0.0,0.0
primeNumber,20_Embulk,20_01_Embulk,20_01_Embulk_003,PC,877045,1624734,297442181,645157502,2019-12-25,--,2.0,0.0,0.0,0.0,0.0
primeNumber,20_Embulk,20_01_Embulk,20_01_Embulk_003,PC,877045,1624734,297442181,645157502,2019-12-27,--,2.0,0.0,0.0,0.0,0.0
primeNumber,20_Embulk,20_01_Embulk,20_01_Embulk_003,PC,877045,1624734,297442181,645157502,2020-01-13,--,1.0,0.0,0.0,0.0,0.0
primeNumber,20_Embulk,20_01_Embulk,20_01_Embulk_003,PC,877045,1624734,297442181,645157502,2020-01-14,--,1.0,0.0,0.0,0.0,0.0
primeNumber,20_Embulk,20_01_Embulk,20_01_Embulk_003,PC,877045,1624734,297442181,645157502,2020-01-18,--,1.0,0.0,0.0,0.0,0.0
primeNumber,20_Embulk,20_01_Embulk,20_01_Embulk_003,PC,877045,1624734,297442181,645157502,2020-01-21,--,1.0,0.0,0.0,0.0,0.0
primeNumber,20_Embulk,20_01_Embulk,20_01_Embulk_003,PC,877045,1624734,297442181,645157502,2020-03-18,--,1.0,0.0,0.0,0.0,0.0
primeNumber,20_Embulk,20_01_Embulk,20_01_Embulk_003,フルブラウザ搭載の携帯端末,877045,1624734,297442181,645157502,2019-12-15,--,1.0,0.0,0.0,0.0,0.0
primeNumber,20_Embulk,20_01_Embulk,20_01_Embulk_003,フルブラウザ搭載の携帯端末,877045,1624734,297442181,645157502,2020-03-11,--,1.0,0.0,0.0,0.0,0.0
primeNumber,20_Embulk,20_05_Embulk_DB,20_05_Embulk_DB_1,PC,877045,1624734,297442185,645157510,2019-11-20,--,1.0,0.0,0.0,0.0,0.0
primeNumber,20_Embulk,20_05_Embulk_DB,20_05_Embulk_DB_1,PC,877045,1624734,297442185,645157510,2019-11-21,--,7.0,0.0,0.0,0.0,0.0
primeNumber,20_Embulk,20_05_Embulk_DB,20_05_Embulk_DB_1,フルブラウザ搭載の携帯端末,877045,1624734,297442185,645157510,2019-11-22,--,1.0,0.0,0.0,0.0,0.0
primeNumber,10_ブランド,10_01_ブランド名,10_01_ブランド名_001,PC,877045,1624654,297442038,645047529,2019-11-20,--,11.0,3.0,35.0,0.0,0.0
primeNumber,10_ブランド,10_01_ブランド名,10_01_ブランド名_001,PC,877045,1624654,297442038,645047529,2019-11-21,--,11.0,0.0,0.0,0.0,0.0
primeNumber,10_ブランド,10_01_ブランド名,10_01_ブランド名_001,PC,877045,1624654,297442038,645047529,2019-11-22,--,10.0,1.0,1.0,0.0,0.0
primeNumber,10_ブランド,10_01_ブランド名,10_01_ブランド名_001,PC,877045,1624654,297442038,645047529,2019-11-23,--,6.0,0.0,0.0,0.0,0.0
primeNumber,10_ブランド,10_01_ブランド名,10_01_ブランド名_001,PC,877045,1624654,297442038,645047529,2019-11-24,--,11.0,0.0,0.0,0.0,0.0
primeNumber,10_ブランド,10_01_ブランド名,10_01_ブランド名_001,PC,877045,1624654,297442038,645047529,2019-11-25,--,18.0,0.0,0.0,0.0,0.0
primeNumber,10_ブランド,10_01_ブランド名,10_01_ブランド名_001,PC,877045,1624654,297442038,645047529,2019-11-26,--,9.0,0.0,0.0,0.0,0.0
primeNumber,10_ブランド,10_01_ブランド名,10_01_ブランド名_001,PC,877045,1624654,297442038,645047529,2019-11-27,--,16.0,0.0,0.0,0.0,0.0
primeNumber,10_ブランド,10_01_ブランド名,10_01_ブランド名_001,PC,877045,1624654,297442038,645047529,2019-11-28,--,8.0,2.0,7.0,0.0,0.0
primeNumber,10_ブランド,10_01_ブランド名,10_01_ブランド名_001,PC,877045,1624654,297442038,645047529,2019-11-29,--,14.0,0.0,0.0,0.0,0.0
primeNumber,10_ブランド,10_01_ブランド名,10_01_ブランド名_001,PC,877045,1624654,297442038,645047529,2019-11-30,--,4.0,0.0,0.0,0.0,0.0
primeNumber,10_ブランド,10_01_ブランド名,10_01_ブランド名_001,PC,877045,1624654,297442038,645047529,2019-12-01,--,5.0,0.0,0.0,0.0,0.0
primeNumber,10_ブランド,10_01_ブランド名,10_01_ブランド名_001,PC,877045,1624654,297442038,645047529,2019-12-02,--,4.0,1.0,1.0,0.0,0.0
primeNumber,10_ブランド,10_01_ブランド名,10_01_ブランド名_001,PC,877045,1624654,297442038,645047529,2019-12-03,--,14.0,0.0,0.0,0.0,0.0
primeNumber,10_ブランド,10_01_ブランド名,10_01_ブランド名_001,PC,877045,1624654,297442038,645047529,2019-12-04,--,8.0,0.0,0.0,0.0,0.0
primeNumber,10_ブランド,10_01_ブランド名,10_01_ブランド名_001,PC,877045,1624654,297442038,645047529,2019-12-05,--,6.0,0.0,0.0,0.0,0.0
primeNumber,10_ブランド,10_01_ブランド名,10_01_ブランド名_001,PC,877045,1624654,297442038,645047529,2019-12-06,--,10.0,0.0,0.0,0.0,0.0
primeNumber,10_ブランド,10_01_ブランド名,10_01_ブランド名_001,PC,877045,1624654,297442038,645047529,2019-12-07,--,7.0,0.0,0.0,0.0,0.0
primeNumber,10_ブランド,10_01_ブランド名,10_01_ブランド名_001,PC,877045,1624654,297442038,645047529,2019-12-08,--,3.0,0.0,0.0,0.0,0.0
primeNumber,10_ブランド,10_01_ブランド名,10_01_ブランド名_001,PC,877045,1624654,297442038,645047529,2019-12-09,--,8.0,0.0,0.0,0.0,0.0
primeNumber,10_ブランド,10_01_ブランド名,10_01_ブランド名_001,PC,877045,1624654,297442038,645047529,2019-12-10,--,5.0,0.0,0.0,0.0,0.0
primeNumber,10_ブランド,10_01_ブランド名,10_01_ブランド名_001,PC,877045,1624654,297442038,645047529,2019-12-11,--,8.0,1.0,1.0,0.0,0.0
primeNumber,10_ブランド,10_01_ブランド名,10_01_ブランド名_001,PC,877045,1624654,297442038,645047529,2019-12-12,--,11.0,0.0,0.0,0.0,0.0
primeNumber,10_ブランド,10_01_ブランド名,10_01_ブランド名_001,PC,877045,1624654,297442038,645047529,2019-12-13,--,6.0,0.0,0.0,0.0,0.0
primeNumber,10_ブランド,10_01_ブランド名,10_01_ブランド名_001,PC,877045,1624654,297442038,645047529,2019-12-14,--,1.0,0.0,0.0,0.0,0.0
primeNumber,10_ブランド,10_01_ブランド名,10_01_ブランド名_001,PC,877045,1624654,297442038,645047529,2019-12-16,--,11.0,0.0,0.0,0.0,0.0
primeNumber,10_ブランド,10_01_ブランド名,10_01_ブランド名_001,PC,877045,1624654,297442038,645047529,2019-12-17,--,13.0,0.0,0.0,0.0,0.0
primeNumber,10_ブランド,10_01_ブランド名,10_01_ブランド名_001,PC,877045,1624654,297442038,645047529,2019-12-18,--,6.0,0.0,0.0,0.0,0.0
primeNumber,10_ブランド,10_01_ブランド名,10_01_ブランド名_001,PC,877045,1624654,297442038,645047529,2019-12-19,--,11.0,0.0,0.0,0.0,0.0
primeNumber,10_ブランド,10_01_ブランド名,10_01_ブランド名_001,PC,877045,1624654,297442038,645047529,2019-12-20,--,7.0,0.0,0.0,0.0,0.0
primeNumber,10_ブランド,10_01_ブランド名,10_01_ブランド名_001,PC,877045,1624654,297442038,645047529,2019-12-21,--,2.0,0.0,0.0,0.0,0.0
primeNumber,10_ブランド,10_01_ブランド名,10_01_ブランド名_001,PC,877045,1624654,297442038,645047529,2019-12-22,--,4.0,0.0,0.0,0.0,0.0
primeNumber,10_ブランド,10_01_ブランド名,10_01_ブランド名_001,PC,877045,1624654,297442038,645047529,2019-12-23,--,3.0,0.0,0.0,0.0,0.0
primeNumber,10_ブランド,10_01_ブランド名,10_01_ブランド名_001,PC,877045,1624654,297442038,645047529,2019-12-24,--,7.0,0.0,0.0,0.0,0.0
primeNumber,10_ブランド,10_01_ブランド名,10_01_ブランド名_001,PC,877045,1624654,297442038,645047529,2019-12-25,--,7.0,0.0,0.0,0.0,0.0
primeNumber,10_ブランド,10_01_ブランド名,10_01_ブランド名_001,PC,877045,1624654,297442038,645047529,2019-12-26,--,5.0,0.0,0.0,0.0,0.0
primeNumber,10_ブランド,10_01_ブランド名,10_01_ブランド名_001,PC,877045,1624654,297442038,645047529,2019-12-27,--,7.0,0.0,0.0,0.0,0.0
primeNumber,10_ブランド,10_01_ブランド名,10_01_ブランド名_001,PC,877045,1624654,297442038,645047529,2020-01-06,--,8.0,1.0,1.0,0.0,0.0
primeNumber,10_ブランド,10_01_ブランド名,10_01_ブランド名_001,PC,877045,1624654,297442038,645047529,2020-01-07,--,3.0,0.0,0.0,0.0,0.0
primeNumber,10_ブランド,10_01_ブランド名,10_01_ブランド名_001,PC,877045,1624654,297442038,645047529,2020-01-08,--,17.0,0.0,0.0,0.0,0.0
primeNumber,10_ブランド,10_01_ブランド名,10_01_ブランド名_001,PC,877045,1624654,297442038,645047529,2020-01-09,--,11.0,0.0,0.0,0.0,0.0
primeNumber,10_ブランド,10_01_ブランド名,10_01_ブランド名_001,PC,877045,1624654,297442038,645047529,2020-01-10,--,10.0,0.0,0.0,0.0,0.0
primeNumber,10_ブランド,10_01_ブランド名,10_01_ブランド名_001,PC,877045,1624654,297442038,645047529,2020-01-11,--,7.0,0.0,0.0,0.0,0.0
primeNumber,10_ブランド,10_01_ブランド名,10_01_ブランド名_001,PC,877045,1624654,297442038,645047529,2020-01-12,--,5.0,0.0,0.0,0.0,0.0
primeNumber,10_ブランド,10_01_ブランド名,10_01_ブランド名_001,PC,877045,1624654,297442038,645047529,2020-01-13,--,5.0,1.0,1.0,0.0,0.0
primeNumber,10_ブランド,10_01_ブランド名,10_01_ブランド名_001,PC,877045,1624654,297442038,645047529,2020-01-14,--,16.0,0.0,0.0,0.0,0.0
primeNumber,10_ブランド,10_01_ブランド名,10_01_ブランド名_001,PC,877045,1624654,297442038,645047529,2020-01-15,--,12.0,0.0,0.0,0.0,0.0
primeNumber,10_ブランド,10_01_ブランド名,10_01_ブランド名_001,PC,877045,1624654,297442038,645047529,2020-01-16,--,9.0,1.0,2.0,0.0,0.0
primeNumber,10_ブランド,10_01_ブランド名,10_01_ブランド名_001,PC,877045,1624654,297442038,645047529,2020-01-17,--,10.0,0.0,0.0,0.0,0.0
primeNumber,10_ブランド,10_01_ブランド名,10_01_ブランド名_001,PC,877045,1624654,297442038,645047529,2020-01-18,--,8.0,1.0,497.0,0.0,0.0
primeNumber,10_ブランド,10_01_ブランド名,10_01_ブランド名_001,PC,877045,1624654,297442038,645047529,2020-01-19,--,5.0,0.0,0.0,0.0,0.0
primeNumber,10_ブランド,10_01_ブランド名,10_01_ブランド名_001,PC,877045,1624654,297442038,645047529,2020-01-20,--,12.0,1.0,14.0,0.0,0.0
primeNumber,10_ブランド,10_01_ブランド名,10_01_ブランド名_001,PC,877045,1624654,297442038,645047529,2020-01-21,--,10.0,0.0,0.0,0.0,0.0
primeNumber,10_ブランド,10_01_ブランド名,10_01_ブランド名_001,PC,877045,1624654,297442038,645047529,2020-01-22,--,7.0,0.0,0.0,0.0,0.0
primeNumber,10_ブランド,10_01_ブランド名,10_01_ブランド名_001,PC,877045,1624654,297442038,645047529,2020-01-23,--,25.0,2.0,2.0,0.0,0.0
primeNumber,10_ブランド,10_01_ブランド名,10_01_ブランド名_001,PC,877045,1624654,297442038,645047529,2020-01-24,--,9.0,0.0,0.0,0.0,0.0
primeNumber,10_ブランド,10_01_ブランド名,10_01_ブランド名_001,PC,877045,1624654,297442038,645047529,2020-01-25,--,8.0,0.0,0.0,0.0,0.0
primeNumber,10_ブランド,10_01_ブランド名,10_01_ブランド名_001,PC,877045,1624654,297442038,645047529,2020-01-26,--,15.0,1.0,14.0,0.0,0.0
primeNumber,10_ブランド,10_01_ブランド名,10_01_ブランド名_001,PC,877045,1624654,297442038,645047529,2020-01-27,--,14.0,1.0,1.0,0.0,0.0
primeNumber,10_ブランド,10_01_ブランド名,10_01_ブランド名_001,PC,877045,1624654,297442038,645047529,2020-01-28,--,16.0,2.0,2.0,0.0,0.0
primeNumber,10_ブランド,10_01_ブランド名,10_01_ブランド名_001,PC,877045,1624654,297442038,645047529,2020-01-29,--,13.0,2.0,179.0,0.0,0.0
primeNumber,10_ブランド,10_01_ブランド名,10_01_ブランド名_001,PC,877045,1624654,297442038,645047529,2020-01-30,--,14.0,1.0,176.0,0.0,0.0
primeNumber,10_ブランド,10_01_ブランド名,10_01_ブランド名_001,PC,877045,1624654,297442038,645047529,2020-01-31,--,22.0,1.0,1.0,0.0,0.0
primeNumber,10_ブランド,10_01_ブランド名,10_01_ブランド名_001,PC,877045,1624654,297442038,645047529,2020-02-01,--,8.0,1.0,2.0,0.0,0.0
primeNumber,10_ブランド,10_01_ブランド名,10_01_ブランド名_001,PC,877045,1624654,297442038,645047529,2020-02-02,--,11.0,0.0,0.0,0.0,0.0
primeNumber,10_ブランド,10_01_ブランド名,10_01_ブランド名_001,PC,877045,1624654,297442038,645047529,2020-02-03,--,21.0,0.0,0.0,0.0,0.0
primeNumber,10_ブランド,10_01_ブランド名,10_01_ブランド名_002,PC,877045,1624654,297442038,645047530,2020-01-22,--,150.0,1.0,109.0,0.0,0.0
primeNumber,10_ブランド,10_01_ブランド名,10_01_ブランド名_002,PC,877045,1624654,297442038,645047530,2020-01-23,--,182.0,0.0,0.0,0.0,0.0
primeNumber,10_ブランド,10_01_ブランド名,10_01_ブランド名_002,PC,877045,1624654,297442038,645047530,2020-01-24,--,144.0,1.0,650.0,0.0,0.0
primeNumber,10_ブランド,10_01_ブランド名,10_01_ブランド名_002,PC,877045,1624654,297442038,645047530,2020-01-25,--,98.0,0.0,0.0,0.0,0.0
primeNumber,10_ブランド,10_01_ブランド名,10_01_ブランド名_002,PC,877045,1624654,297442038,645047530,2020-01-26,--,130.0,1.0,222.0,0.0,0.0
primeNumber,10_ブランド,10_01_ブランド名,10_01_ブランド名_002,PC,877045,1624654,297442038,645047530,2020-01-27,--,118.0,1.0,296.0,0.0,0.0
primeNumber,10_ブランド,10_01_ブランド名,10_01_ブランド名_002,PC,877045,1624654,297442038,645047530,2020-01-28,--,220.0,0.0,0.0,0.0,0.0
primeNumber,10_ブランド,10_01_ブランド名,10_01_ブランド名_002,PC,877045,1624654,297442038,645047530,2020-01-29,--,126.0,0.0,0.0,0.0,0.0
primeNumber,10_ブランド,10_01_ブランド名,10_01_ブランド名_002,PC,877045,1624654,297442038,645047530,2020-01-30,--,152.0,2.0,313.0,0.0,0.0
primeNumber,10_ブランド,10_01_ブランド名,10_01_ブランド名_002,PC,877045,1624654,297442038,645047530,2020-01-31,--,72.0,1.0,110.0,1.0,0.0
primeNumber,10_ブランド,10_01_ブランド名,10_01_ブランド名_002,PC,877045,1624654,297442038,645047530,2020-02-01,--,73.0,2.0,837.0,0.0,0.0
primeNumber,10_ブランド,10_01_ブランド名,10_01_ブランド名_002,PC,877045,1624654,297442038,645047530,2020-02-02,--,137.0,0.0,0.0,0.0,0.0
primeNumber,10_ブランド,10_01_ブランド名,10_01_ブランド名_002,PC,877045,1624654,297442038,645047530,2020-02-03,--,113.0,1.0,94.0,0.0,0.0
primeNumber,10_ブランド,10_01_ブランド名,10_01_ブランド名_002,PC,877045,1624654,297442038,645047530,2020-02-04,--,146.0,0.0,0.0,0.0,0.0
primeNumber,10_ブランド,10_01_ブランド名,10_01_ブランド名_002,PC,877045,1624654,297442038,645047530,2020-02-05,--,127.0,0.0,0.0,0.0,0.0
primeNumber,10_ブランド,10_01_ブランド名,10_01_ブランド名_002,PC,877045,1624654,297442038,645047530,2020-02-06,--,182.0,1.0,169.0,0.0,0.0
primeNumber,10_ブランド,10_01_ブランド名,10_01_ブランド名_002,PC,877045,1624654,297442038,645047530,2020-02-07,--,145.0,1.0,58.0,0.0,0.0
primeNumber,10_ブランド,10_01_ブランド名,10_01_ブランド名_002,PC,877045,1624654,297442038,645047530,2020-02-08,--,91.0,0.0,0.0,0.0,0.0
primeNumber,10_ブランド,10_01_ブランド名,10_01_ブランド名_002,PC,877045,1624654,297442038,645047530,2020-02-09,--,92.0,0.0,0.0,0.0,0.0
primeNumber,10_ブランド,10_01_ブランド名,10_01_ブランド名_002,PC,877045,1624654,297442038,645047530,2020-02-10,--,124.0,0.0,0.0,0.0,0.0
primeNumber,10_ブランド,10_01_ブランド名,10_01_ブランド名_002,PC,877045,1624654,297442038,645047530,2020-02-11,--,96.0,0.0,0.0,0.0,0.0
primeNumber,10_ブランド,10_01_ブランド名,10_01_ブランド名_002,PC,877045,1624654,297442038,645047530,2020-02-12,--,160.0,0.0,0.0,0.0,0.0
primeNumber,10_ブランド,10_01_ブランド名,10_01_ブランド名_002,PC,877045,1624654,297442038,645047530,2020-02-13,--,117.0,0.0,0.0,0.0,0.0
primeNumber,10_ブランド,10_01_ブランド名,10_01_ブランド名_002,PC,877045,1624654,297442038,645047530,2020-02-14,--,140.0,0.0,0.0,0.0,0.0
primeNumber,10_ブランド,10_01_ブランド名,10_01_ブランド名_002,PC,877045,1624654,297442038,645047530,2020-02-15,--,103.0,0.0,0.0,0.0,0.0
primeNumber,10_ブランド,10_01_ブランド名,10_01_ブランド名_002,PC,877045,1624654,297442038,645047530,2020-02-16,--,139.0,0.0,0.0,0.0,0.0
primeNumber,10_ブランド,10_01_ブランド名,10_01_ブランド名_002,PC,877045,1624654,297442038,645047530,2020-02-17,--,127.0,0.0,0.0,0.0,0.0
primeNumber,10_ブランド,10_01_ブランド名,10_01_ブランド名_002,PC,877045,1624654,297442038,645047530,2020-02-18,--,68.0,0.0,0.0,0.0,0.0
primeNumber,10_ブランド,10_01_ブランド名,10_01_ブランド名_002,PC,877045,1624654,297442038,645047530,2020-02-19,--,168.0,1.0,73.0,0.0,0.0
primeNumber,10_ブランド,10_01_ブランド名,10_01_ブランド名_002,PC,877045,1624654,297442038,645047530,2020-02-20,--,118.0,2.0,493.0,0.0,0.0
primeNumber,10_ブランド,10_01_ブランド名,10_01_ブランド名_002,PC,877045,1624654,297442038,645047530,2020-02-21,--,130.0,1.0,452.0,0.0,0.0
primeNumber,10_ブランド,10_01_ブランド名,10_01_ブランド名_002,PC,877045,1624654,297442038,645047530,2020-02-22,--,155.0,1.0,479.0,0.0,0.0
primeNumber,10_ブランド,10_01_ブランド名,10_01_ブランド名_002,PC,877045,1624654,297442038,645047530,2020-02-23,--,126.0,0.0,0.0,0.0,0.0
primeNumber,10_ブランド,10_01_ブランド名,10_01_ブランド名_002,PC,877045,1624654,297442038,645047530,2020-02-24,--,160.0,0.0,0.0,0.0,0.0
primeNumber,10_ブランド,10_01_ブランド名,10_01_ブランド名_002,PC,877045,1624654,297442038,645047530,2020-02-25,--,147.0,0.0,0.0,0.0,0.0
primeNumber,10_ブランド,10_01_ブランド名,10_01_ブランド名_002,PC,877045,1624654,297442038,645047530,2020-02-26,--,109.0,0.0,0.0,0.0,0.0
primeNumber,10_ブランド,10_01_ブランド名,10_01_ブランド名_002,PC,877045,1624654,297442038,645047530,2020-02-27,--,76.0,0.0,0.0,0.0,0.0
primeNumber,10_ブランド,10_01_ブランド名,10_01_ブランド名_002,PC,877045,1624654,297442038,645047530,2020-02-28,--,90.0,1.0,499.0,0.0,0.0
primeNumber,10_ブランド,10_01_ブランド名,10_01_ブランド名_002,PC,877045,1624654,297442038,645047530,2020-02-29,--,87.0,0.0,0.0,0.0,0.0
primeNumber,10_ブランド,10_01_ブランド名,10_01_ブランド名_002,PC,877045,1624654,297442038,645047530,2020-03-01,--,87.0,2.0,524.0,0.0,0.0
primeNumber,10_ブランド,10_01_ブランド名,10_01_ブランド名_002,PC,877045,1624654,297442038,645047530,2020-03-02,--,150.0,1.0,225.0,0.0,0.0
primeNumber,10_ブランド,10_01_ブランド名,10_01_ブランド名_002,PC,877045,1624654,297442038,645047530,2020-03-03,--,99.0,2.0,2.0,0.0,0.0
primeNumber,10_ブランド,10_01_ブランド名,10_01_ブランド名_002,PC,877045,1624654,297442038,645047530,2020-03-04,--,114.0,3.0,1277.0,0.0,0.0
primeNumber,10_ブランド,10_01_ブランド名,10_01_ブランド名_002,PC,877045,1624654,297442038,645047530,2020-03-05,--,177.0,0.0,0.0,0.0,0.0
primeNumber,10_ブランド,10_01_ブランド名,10_01_ブランド名_002,PC,877045,1624654,297442038,645047530,2020-03-06,--,95.0,0.0,0.0,0.0,0.0
primeNumber,10_ブランド,10_01_ブランド名,10_01_ブランド名_002,PC,877045,1624654,297442038,645047530,2020-03-07,--,149.0,0.0,0.0,0.0,0.0
primeNumber,10_ブランド,10_01_ブランド名,10_01_ブランド名_002,PC,877045,1624654,297442038,645047530,2020-03-08,--,172.0,2.0,582.0,0.0,0.0
primeNumber,10_ブランド,10_01_ブランド名,10_01_ブランド名_002,PC,877045,1624654,297442038,645047530,2020-03-09,--,148.0,2.0,914.0,0.0,0.0
primeNumber,10_ブランド,10_01_ブランド名,10_01_ブランド名_002,PC,877045,1624654,297442038,645047530,2020-03-10,--,163.0,4.0,1153.0,0.0,0.0
primeNumber,10_ブランド,10_01_ブランド名,10_01_ブランド名_002,PC,877045,1624654,297442038,645047530,2020-03-11,--,141.0,3.0,779.0,0.0,0.0
primeNumber,10_ブランド,10_01_ブランド名,10_01_ブランド名_002,PC,877045,1624654,297442038,645047530,2020-03-12,--,162.0,1.0,500.0,0.0,0.0
primeNumber,10_ブランド,10_01_ブランド名,10_01_ブランド名_002,PC,877045,1624654,297442038,645047530,2020-03-13,--,194.0,2.0,579.0,0.0,0.0
primeNumber,10_ブランド,10_01_ブランド名,10_01_ブランド名_002,PC,877045,1624654,297442038,645047530,2020-03-14,--,185.0,2.0,490.0,0.0,0.0
primeNumber,10_ブランド,10_01_ブランド名,10_01_ブランド名_002,PC,877045,1624654,297442038,645047530,2020-03-15,--,151.0,0.0,0.0,0.0,0.0
primeNumber,10_ブランド,10_01_ブランド名,10_01_ブランド名_002,PC,877045,1624654,297442038,645047530,2020-03-16,--,163.0,2.0,463.0,0.0,0.0
primeNumber,10_ブランド,10_01_ブランド名,10_01_ブランド名_002,PC,877045,1624654,297442038,645047530,2020-03-17,--,168.0,1.0,101.0,0.0,0.0
primeNumber,10_ブランド,10_01_ブランド名,10_01_ブランド名_002,PC,877045,1624654,297442038,645047530,2020-03-18,--,170.0,2.0,409.0,0.0,0.0
primeNumber,10_ブランド,10_01_ブランド名,10_01_ブランド名_002,PC,877045,1624654,297442038,645047530,2020-03-19,--,157.0,2.0,246.0,0.0,0.0
primeNumber,10_ブランド,10_01_ブランド名,10_01_ブランド名_002,PC,877045,1624654,297442038,645047530,2020-03-20,--,140.0,0.0,0.0,0.0,0.0
primeNumber,10_ブランド,10_01_ブランド名,10_01_ブランド名_002,PC,877045,1624654,297442038,645047530,2020-03-21,--,152.0,1.0,47.0,0.0,0.0
primeNumber,10_ブランド,10_01_ブランド名,10_01_ブランド名_002,PC,877045,1624654,297442038,645047530,2020-03-22,--,96.0,1.0,319.0,0.0,0.0
primeNumber,10_ブランド,10_01_ブランド名,10_01_ブランド名_002,PC,877045,1624654,297442038,645047530,2020-03-23,--,205.0,3.0,627.0,0.0,0.0
primeNumber,10_ブランド,10_01_ブランド名,10_01_ブランド名_002,PC,877045,1624654,297442038,645047530,2020-03-24,--,161.0,0.0,0.0,0.0,0.0
primeNumber,10_ブランド,10_01_ブランド名,10_01_ブランド名_002,PC,877045,1624654,297442038,645047530,2020-03-25,--,146.0,0.0,0.0,0.0,0.0
primeNumber,10_ブランド,10_01_ブランド名,10_01_ブランド名_002,フルブラウザ搭載のタブレット端末,877045,1624654,297442038,645047530,2019-11-20,--,10.0,1.0,93.0,0.0,0.0
primeNumber,10_ブランド,10_01_ブランド名,10_01_ブランド名_002,フルブラウザ搭載のタブレット端末,877045,1624654,297442038,645047530,2019-11-21,--,4.0,0.0,0.0,0.0,0.0
primeNumber,10_ブランド,10_01_ブランド名,10_01_ブランド名_002,フルブラウザ搭載のタブレット端末,877045,1624654,297442038,645047530,2019-11-22,--,24.0,0.0,0.0,0.0,0.0
primeNumber,10_ブランド,10_01_ブランド名,10_01_ブランド名_002,フルブラウザ搭載のタブレット端末,877045,1624654,297442038,645047530,2019-11-23,--,18.0,1.0,125.0,0.0,0.0
primeNumber,10_ブランド,10_01_ブランド名,10_01_ブランド名_002,フルブラウザ搭載のタブレット端末,877045,1624654,297442038,645047530,2019-11-24,--,19.0,0.0,0.0,0.0,0.0
primeNumber,10_ブランド,10_01_ブランド名,10_01_ブランド名_002,フルブラウザ搭載のタブレット端末,877045,1624654,297442038,645047530,2019-11-25,--,27.0,0.0,0.0,0.0,0.0
primeNumber,10_ブランド,10_01_ブランド名,10_01_ブランド名_002,フルブラウザ搭載のタブレット端末,877045,1624654,297442038,645047530,2019-11-26,--,10.0,0.0,0.0,0.0,0.0
primeNumber,10_ブランド,10_01_ブランド名,10_01_ブランド名_002,フルブラウザ搭載のタブレット端末,877045,1624654,297442038,645047530,2019-11-27,--,18.0,0.0,0.0,0.0,0.0
primeNumber,10_ブランド,10_01_ブランド名,10_01_ブランド名_002,フルブラウザ搭載のタブレット端末,877045,1624654,297442038,645047530,2019-11-28,--,16.0,0.0,0.0,0.0,0.0
primeNumber,10_ブランド,10_01_ブランド名,10_01_ブランド名_002,フルブラウザ搭載のタブレット端末,877045,1624654,297442038,645047530,2019-11-29,--,20.0,1.0,168.0,0.0,0.0
primeNumber,10_ブランド,10_01_ブランド名,10_01_ブランド名_002,フルブラウザ搭載のタブレット端末,877045,1624654,297442038,645047530,2019-11-30,--,19.0,3.0,395.0,0.0,0.0
primeNumber,10_ブランド,10_01_ブランド名,10_01_ブランド名_002,フルブラウザ搭載のタブレット端末,877045,1624654,297442038,645047530,2019-12-01,--,27.0,0.0,0.0,0.0,0.0
primeNumber,10_ブランド,10_01_ブランド名,10_01_ブランド名_002,フルブラウザ搭載のタブレット端末,877045,1624654,297442038,645047530,2019-12-02,--,42.0,0.0,0.0,0.0,0.0
primeNumber,10_ブランド,10_01_ブランド名,10_01_ブランド名_002,フルブラウザ搭載のタブレット端末,877045,1624654,297442038,645047530,2019-12-03,--,15.0,0.0,0.0,0.0,0.0
primeNumber,10_ブランド,10_01_ブランド名,10_01_ブランド名_002,フルブラウザ搭載のタブレット端末,877045,1624654,297442038,645047530,2019-12-04,--,12.0,0.0,0.0,0.0,0.0
primeNumber,10_ブランド,10_01_ブランド名,10_01_ブランド名_002,フルブラウザ搭載のタブレット端末,877045,1624654,297442038,645047530,2019-12-05,--,15.0,0.0,0.0,0.0,0.0
primeNumber,10_ブランド,10_01_ブランド名,10_01_ブランド名_002,フルブラウザ搭載のタブレット端末,877045,1624654,297442038,645047530,2019-12-06,--,4.0,0.0,0.0,0.0,0.0
primeNumber,10_ブランド,10_01_ブランド名,10_01_ブランド名_002,フルブラウザ搭載のタブレット端末,877045,1624654,297442038,645047530,2019-12-07,--,22.0,0.0,0.0,0.0,0.0
primeNumber,10_ブランド,10_01_ブランド名,10_01_ブランド名_002,フルブラウザ搭載のタブレット端末,877045,1624654,297442038,645047530,2019-12-08,--,18.0,0.0,0.0,0.0,0.0
primeNumber,10_ブランド,10_01_ブランド名,10_01_ブランド名_002,フルブラウザ搭載のタブレット端末,877045,1624654,297442038,645047530,2019-12-09,--,20.0,0.0,0.0,0.0,0.0
primeNumber,10_ブランド,10_01_ブランド名,10_01_ブランド名_002,フルブラウザ搭載のタブレット端末,877045,1624654,297442038,645047530,2019-12-10,--,12.0,0.0,0.0,0.0,0.0
primeNumber,10_ブランド,10_01_ブランド名,10_01_ブランド名_002,フルブラウザ搭載のタブレット端末,877045,1624654,297442038,645047530,2019-12-11,--,11.0,0.0,0.0,0.0,0.0
primeNumber,10_ブランド,10_01_ブランド名,10_01_ブランド名_002,フルブラウザ搭載のタブレット端末,877045,1624654,297442038,645047530,2019-12-12,--,18.0,0.0,0.0,0.0,0.0
primeNumber,10_ブランド,10_01_ブランド名,10_01_ブランド名_002,フルブラウザ搭載のタブレット端末,877045,1624654,297442038,645047530,2019-12-13,--,28.0,0.0,0.0,0.0,0.0
primeNumber,10_ブランド,10_01_ブランド名,10_01_ブランド名_002,フルブラウザ搭載のタブレット端末,877045,1624654,297442038,645047530,2019-12-14,--,11.0,0.0,0.0,0.0,0.0
primeNumber,10_ブランド,10_01_ブランド名,10_01_ブランド名_002,フルブラウザ搭載のタブレット端末,877045,1624654,297442038,645047530,2019-12-15,--,9.0,0.0,0.0,0.0,0.0
primeNumber,10_ブランド,10_01_ブランド名,10_01_ブランド名_002,フルブラウザ搭載のタブレット端末,877045,1624654,297442038,645047530,2019-12-16,--,7.0,0.0,0.0,0.0,0.0
primeNumber,10_ブランド,10_01_ブランド名,10_01_ブランド名_002,フルブラウザ搭載のタブレット端末,877045,1624654,297442038,645047530,2019-12-17,--,6.0,0.0,0.0,0.0,0.0
primeNumber,10_ブランド,10_01_ブランド名,10_01_ブランド名_002,フルブラウザ搭載のタブレット端末,877045,1624654,297442038,645047530,2019-12-18,--,3.0,0.0,0.0,0.0,0.0
primeNumber,10_ブランド,10_01_ブランド名,10_01_ブランド名_002,フルブラウザ搭載のタブレット端末,877045,1624654,297442038,645047530,2019-12-19,--,10.0,0.0,0.0,0.0,0.0
primeNumber,10_ブランド,10_01_ブランド名,10_01_ブランド名_002,フルブラウザ搭載のタブレット端末,877045,1624654,297442038,645047530,2019-12-20,--,14.0,0.0,0.0,0.0,0.0
primeNumber,10_ブランド,10_01_ブランド名,10_01_ブランド名_002,フルブラウザ搭載のタブレット端末,877045,1624654,297442038,645047530,2019-12-21,--,8.0,0.0,0.0,0.0,0.0
primeNumber,10_ブランド,10_01_ブランド名,10_01_ブランド名_002,フルブラウザ搭載のタブレット端末,877045,1624654,297442038,645047530,2019-12-22,--,21.0,0.0,0.0,0.0,0.0
primeNumber,10_ブランド,10_01_ブランド名,10_01_ブランド名_002,フルブラウザ搭載のタブレット端末,877045,1624654,297442038,645047530,2019-12-23,--,10.0,1.0,174.0,0.0,0.0
primeNumber,10_ブランド,10_01_ブランド名,10_01_ブランド名_002,フルブラウザ搭載のタブレット端末,877045,1624654,297442038,645047530,2019-12-24,--,16.0,1.0,106.0,0.0,0.0
primeNumber,10_ブランド,10_01_ブランド名,10_01_ブランド名_002,フルブラウザ搭載のタブレット端末,877045,1624654,297442038,645047530,2019-12-25,--,23.0,0.0,0.0,0.0,0.0
primeNumber,10_ブランド,10_01_ブランド名,10_01_ブランド名_003,PC,877045,1624654,297442038,645047531,2020-03-03,--,105.0,0.0,0.0,0.0,0.0
primeNumber,10_ブランド,10_01_ブランド名,10_01_ブランド名_003,PC,877045,1624654,297442038,645047531,2020-03-04,--,76.0,0.0,0.0,0.0,0.0
primeNumber,10_ブランド,10_01_ブランド名,10_01_ブランド名_003,PC,877045,1624654,297442038,645047531,2020-03-05,--,80.0,2.0,681.0,0.0,0.0
primeNumber,10_ブランド,10_01_ブランド名,10_01_ブランド名_003,PC,877045,1624654,297442038,645047531,2020-03-06,--,35.0,0.0,0.0,0.0,0.0
primeNumber,10_ブランド,10_01_ブランド名,10_01_ブランド名_003,PC,877045,1624654,297442038,645047531,2020-03-07,--,62.0,0.0,0.0,0.0,0.0
primeNumber,10_ブランド,10_01_ブランド名,10_01_ブランド名_003,PC,877045,1624654,297442038,645047531,2020-03-08,--,19.0,0.0,0.0,0.0,0.0
primeNumber,10_ブランド,10_01_ブランド名,10_01_ブランド名_003,PC,877045,1624654,297442038,645047531,2020-03-09,--,40.0,0.0,0.0,0.0,0.0
primeNumber,10_ブランド,10_01_ブランド名,10_01_ブランド名_003,PC,877045,1624654,297442038,645047531,2020-03-10,--,59.0,1.0,465.0,0.0,0.0
primeNumber,10_ブランド,10_01_ブランド名,10_01_ブランド名_003,PC,877045,1624654,297442038,645047531,2020-03-11,--,48.0,0.0,0.0,0.0,0.0
primeNumber,10_ブランド,10_01_ブランド名,10_01_ブランド名_003,PC,877045,1624654,297442038,645047531,2020-03-12,--,36.0,0.0,0.0,0.0,0.0
primeNumber,10_ブランド,10_01_ブランド名,10_01_ブランド名_003,PC,877045,1624654,297442038,645047531,2020-03-13,--,51.0,0.0,0.0,0.0,0.0
primeNumber,10_ブランド,10_01_ブランド名,10_01_ブランド名_003,PC,877045,1624654,297442038,645047531,2020-03-14,--,41.0,0.0,0.0,0.0,0.0
primeNumber,10_ブランド,10_01_ブランド名,10_01_ブランド名_003,PC,877045,1624654,297442038,645047531,2020-03-15,--,18.0,0.0,0.0,0.0,0.0
primeNumber,10_ブランド,10_01_ブランド名,10_01_ブランド名_003,PC,877045,1624654,297442038,645047531,2020-03-16,--,17.0,0.0,0.0,0.0,0.0
primeNumber,10_ブランド,10_01_ブランド名,10_01_ブランド名_003,PC,877045,1624654,297442038,645047531,2020-03-17,--,29.0,0.0,0.0,0.0,0.0
primeNumber,10_ブランド,10_01_ブランド名,10_01_ブランド名_003,PC,877045,1624654,297442038,645047531,2020-03-18,--,25.0,0.0,0.0,0.0,0.0
primeNumber,10_ブランド,10_01_ブランド名,10_01_ブランド名_003,PC,877045,1624654,297442038,645047531,2020-03-19,--,19.0,0.0,0.0,0.0,0.0
primeNumber,10_ブランド,10_01_ブランド名,10_01_ブランド名_003,PC,877045,1624654,297442038,645047531,2020-03-20,--,11.0,0.0,0.0,0.0,0.0
primeNumber,10_ブランド,10_01_ブランド名,10_01_ブランド名_003,PC,877045,1624654,297442038,645047531,2020-03-21,--,39.0,0.0,0.0,0.0,0.0
primeNumber,10_ブランド,10_01_ブランド名,10_01_ブランド名_003,PC,877045,1624654,297442038,645047531,2020-03-22,--,54.0,0.0,0.0,0.0,0.0
primeNumber,10_ブランド,10_01_ブランド名,10_01_ブランド名_003,PC,877045,1624654,297442038,645047531,2020-03-23,--,36.0,0.0,0.0,0.0,0.0
primeNumber,10_ブランド,10_01_ブランド名,10_01_ブランド名_003,PC,877045,1624654,297442038,645047531,2020-03-24,--,22.0,0.0,0.0,0.0,0.0
primeNumber,10_ブランド,10_01_ブランド名,10_01_ブランド名_003,PC,877045,1624654,297442038,645047531,2020-03-25,--,22.0,0.0,0.0,0.0,0.0
primeNumber,10_ブランド,10_01_ブランド名,10_01_ブランド名_003,フルブラウザ搭載のタブレット端末,877045,1624654,297442038,645047531,2019-11-20,--,23.0,1.0,191.0,0.0,0.0
primeNumber,10_ブランド,10_01_ブランド名,10_01_ブランド名_003,フルブラウザ搭載のタブレット端末,877045,1624654,297442038,645047531,2019-11-21,--,16.0,1.0,112.0,0.0,0.0
primeNumber,10_ブランド,10_01_ブランド名,10_01_ブランド名_003,フルブラウザ搭載のタブレット端末,877045,1624654,297442038,645047531,2019-11-22,--,26.0,0.0,0.0,0.0,0.0
primeNumber,10_ブランド,10_01_ブランド名,10_01_ブランド名_003,フルブラウザ搭載のタブレット端末,877045,1624654,297442038,645047531,2019-11-23,--,13.0,0.0,0.0,0.0,0.0
primeNumber,10_ブランド,10_01_ブランド名,10_01_ブランド名_003,フルブラウザ搭載のタブレット端末,877045,1624654,297442038,645047531,2019-11-24,--,9.0,0.0,0.0,0.0,0.0
primeNumber,10_ブランド,10_01_ブランド名,10_01_ブランド名_003,フルブラウザ搭載のタブレット端末,877045,1624654,297442038,645047531,2019-11-25,--,3.0,0.0,0.0,0.0,0.0
primeNumber,10_ブランド,10_01_ブランド名,10_01_ブランド名_003,フルブラウザ搭載のタブレット端末,877045,1624654,297442038,645047531,2019-11-28,--,2.0,0.0,0.0,0.0,0.0
primeNumber,10_ブランド,10_01_ブランド名,10_01_ブランド名_003,フルブラウザ搭載のタブレット端末,877045,1624654,297442038,645047531,2019-11-29,--,1.0,0.0,0.0,0.0,0.0
primeNumber,10_ブランド,10_01_ブランド名,10_01_ブランド名_003,フルブラウザ搭載のタブレット端末,877045,1624654,297442038,645047531,2019-11-30,--,5.0,0.0,0.0,0.0,0.0
primeNumber,10_ブランド,10_01_ブランド名,10_01_ブランド名_003,フルブラウザ搭載のタブレット端末,877045,1624654,297442038,645047531,2019-12-01,--,8.0,0.0,0.0,0.0,0.0
primeNumber,10_ブランド,10_01_ブランド名,10_01_ブランド名_003,フルブラウザ搭載のタブレット端末,877045,1624654,297442038,645047531,2019-12-02,--,8.0,0.0,0.0,0.0,0.0
primeNumber,10_ブランド,10_01_ブランド名,10_01_ブランド名_003,フルブラウザ搭載のタブレット端末,877045,1624654,297442038,645047531,2019-12-03,--,2.0,0.0,0.0,0.0,0.0
primeNumber,10_ブランド,10_01_ブランド名,10_01_ブランド名_003,フルブラウザ搭載のタブレット端末,877045,1624654,297442038,645047531,2019-12-04,--,5.0,0.0,0.0,0.0,0.0
primeNumber,10_ブランド,10_01_ブランド名,10_01_ブランド名_003,フルブラウザ搭載のタブレット端末,877045,1624654,297442038,645047531,2019-12-05,--,7.0,0.0,0.0,0.0,0.0
primeNumber,10_ブランド,10_01_ブランド名,10_01_ブランド名_003,フルブラウザ搭載のタブレット端末,877045,1624654,297442038,645047531,2019-12-06,--,7.0,0.0,0.0,0.0,0.0
primeNumber,10_ブランド,10_01_ブランド名,10_01_ブランド名_003,フルブラウザ搭載のタブレット端末,877045,1624654,297442038,645047531,2019-12-07,--,4.0,0.0,0.0,0.0,0.0
primeNumber,10_ブランド,10_01_ブランド名,10_01_ブランド名_003,フルブラウザ搭載のタブレット端末,877045,1624654,297442038,645047531,2019-12-08,--,2.0,0.0,0.0,0.0,0.0
primeNumber,10_ブランド,10_01_ブランド名,10_01_ブランド名_003,フルブラウザ搭載のタブレット端末,877045,1624654,297442038,645047531,2019-12-09,--,2.0,0.0,0.0,0.0,0.0
primeNumber,10_ブランド,10_01_ブランド名,10_01_ブランド名_003,フルブラウザ搭載のタブレット端末,877045,1624654,297442038,645047531,2019-12-10,--,2.0,0.0,0.0,0.0,0.0
primeNumber,10_ブランド,10_01_ブランド名,10_01_ブランド名_003,フルブラウザ搭載のタブレット端末,877045,1624654,297442038,645047531,2019-12-11,--,4.0,0.0,0.0,0.0,0.0
primeNumber,10_ブランド,10_01_ブランド名,10_01_ブランド名_003,フルブラウザ搭載のタブレット端末,877045,1624654,297442038,645047531,2019-12-12,--,2.0,0.0,0.0,0.0,0.0
primeNumber,10_ブランド,10_01_ブランド名,10_01_ブランド名_003,フルブラウザ搭載のタブレット端末,877045,1624654,297442038,645047531,2019-12-13,--,2.0,0.0,0.0,0.0,0.0
primeNumber,10_ブランド,10_01_ブランド名,10_01_ブランド名_003,フルブラウザ搭載のタブレット端末,877045,1624654,297442038,645047531,2019-12-14,--,2.0,0.0,0.0,0.0,0.0
primeNumber,10_ブランド,10_01_ブランド名,10_01_ブランド名_003,フルブラウザ搭載のタブレット端末,877045,1624654,297442038,645047531,2019-12-15,--,3.0,1.0,220.0,0.0,0.0
primeNumber,10_ブランド,10_01_ブランド名,10_01_ブランド名_003,フルブラウザ搭載のタブレット端末,877045,1624654,297442038,645047531,2019-12-16,--,1.0,0.0,0.0,0.0,0.0
primeNumber,10_ブランド,10_01_ブランド名,10_01_ブランド名_003,フルブラウザ搭載のタブレット端末,877045,1624654,297442038,645047531,2019-12-17,--,3.0,0.0,0.0,0.0,0.0
primeNumber,10_ブランド,10_01_ブランド名,10_01_ブランド名_003,フルブラウザ搭載のタブレット端末,877045,1624654,297442038,645047531,2019-12-18,--,2.0,0.0,0.0,0.0,0.0
primeNumber,10_ブランド,10_01_ブランド名,10_01_ブランド名_003,フルブラウザ搭載のタブレット端末,877045,1624654,297442038,645047531,2019-12-19,--,7.0,0.0,0.0,0.0,0.0
primeNumber,10_ブランド,10_01_ブランド名,10_01_ブランド名_003,フルブラウザ搭載のタブレット端末,877045,1624654,297442038,645047531,2019-12-20,--,10.0,0.0,0.0,0.0,0.0
primeNumber,10_ブランド,10_01_ブランド名,10_01_ブランド名_003,フルブラウザ搭載のタブレット端末,877045,1624654,297442038,645047531,2019-12-21,--,4.0,0.0,0.0,0.0,0.0
primeNumber,10_ブランド,10_01_ブランド名,10_01_ブランド名_003,フルブラウザ搭載のタブレット端末,877045,1624654,297442038,645047531,2019-12-22,--,5.0,0.0,0.0,0.0,0.0
primeNumber,10_ブランド,10_01_ブランド名,10_01_ブランド名_003,フルブラウザ搭載のタブレット端末,877045,1624654,297442038,645047531,2019-12-23,--,12.0,0.0,0.0,0.0,0.0
primeNumber,10_ブランド,10_01_ブランド名,10_01_ブランド名_003,フルブラウザ搭載のタブレット端末,877045,1624654,297442038,645047531,2019-12-24,--,3.0,0.0,0.0,0.0,0.0
primeNumber,10_ブランド,10_01_ブランド名,10_01_ブランド名_003,フルブラウザ搭載のタブレット端末,877045,1624654,297442038,645047531,2019-12-25,--,2.0,0.0,0.0,0.0,0.0
primeNumber,10_ブランド,10_01_ブランド名,10_01_ブランド名_003,フルブラウザ搭載のタブレット端末,877045,1624654,297442038,645047531,2019-12-26,--,6.0,0.0,0.0,0.0,0.0
primeNumber,10_ブランド,10_01_ブランド名,10_01_ブランド名_003,フルブラウザ搭載のタブレット端末,877045,1624654,297442038,645047531,2019-12-27,--,13.0,0.0,0.0,0.0,0.0
primeNumber,10_ブランド,10_01_ブランド名,10_01_ブランド名_003,フルブラウザ搭載のタブレット端末,877045,1624654,297442038,645047531,2020-01-06,--,11.0,0.0,0.0,0.0,0.0
primeNumber,10_ブランド,10_01_ブランド名,10_01_ブランド名_003,フルブラウザ搭載のタブレット端末,877045,1624654,297442038,645047531,2020-01-07,--,4.0,0.0,0.0,0.0,0.0
primeNumber,10_ブランド,10_01_ブランド名,10_01_ブランド名_003,フルブラウザ搭載のタブレット端末,877045,1624654,297442038,645047531,2020-01-08,--,4.0,0.0,0.0,0.0,0.0
primeNumber,10_ブランド,10_01_ブランド名,10_01_ブランド名_003,フルブラウザ搭載のタブレット端末,877045,1624654,297442038,645047531,2020-01-09,--,6.0,0.0,0.0,0.0,0.0
primeNumber,10_ブランド,10_01_ブランド名,10_01_ブランド名_003,フルブラウザ搭載のタブレット端末,877045,1624654,297442038,645047531,2020-01-10,--,8.0,0.0,0.0,0.0,0.0
primeNumber,10_ブランド,10_01_ブランド名,10_01_ブランド名_003,フルブラウザ搭載のタブレット端末,877045,1624654,297442038,645047531,2020-01-11,--,14.0,0.0,0.0,0.0,0.0
primeNumber,10_ブランド,10_01_ブランド名,10_01_ブランド名_003,フルブラウザ搭載のタブレット端末,877045,1624654,297442038,645047531,2020-01-12,--,13.0,0.0,0.0,0.0,0.0
primeNumber,10_ブランド,10_01_ブランド名,10_01_ブランド名_003,フルブラウザ搭載のタブレット端末,877045,1624654,297442038,645047531,2020-01-13,--,16.0,1.0,268.0,0.0,0.0
primeNumber,10_ブランド,10_01_ブランド名,10_01_ブランド名_003,フルブラウザ搭載のタブレット端末,877045,1624654,297442038,645047531,2020-01-14,--,11.0,0.0,0.0,0.0,0.0
primeNumber,10_ブランド,10_01_ブランド名,10_01_ブランド名_003,フルブラウザ搭載のタブレット端末,877045,1624654,297442038,645047531,2020-01-15,--,5.0,0.0,0.0,0.0,0.0
primeNumber,10_ブランド,10_01_ブランド名,10_01_ブランド名_003,フルブラウザ搭載のタブレット端末,877045,1624654,297442038,645047531,2020-01-16,--,5.0,0.0,0.0,0.0,0.0
primeNumber,10_ブランド,10_01_ブランド名,10_01_ブランド名_003,フルブラウザ搭載のタブレット端末,877045,1624654,297442038,645047531,2020-01-17,--,5.0,0.0,0.0,0.0,0.0
primeNumber,10_ブランド,10_01_ブランド名,10_01_ブランド名_003,フルブラウザ搭載のタブレット端末,877045,1624654,297442038,645047531,2020-01-18,--,12.0,2.0,196.0,0.0,0.0
primeNumber,10_ブランド,10_01_ブランド名,10_01_ブランド名_003,フルブラウザ搭載のタブレット端末,877045,1624654,297442038,645047531,2020-01-19,--,6.0,0.0,0.0,0.0,0.0
primeNumber,10_ブランド,10_01_ブランド名,10_01_ブランド名_003,フルブラウザ搭載のタブレット端末,877045,1624654,297442038,645047531,2020-01-20,--,4.0,0.0,0.0,0.0,0.0
primeNumber,10_ブランド,10_01_ブランド名,10_01_ブランド名_003,フルブラウザ搭載のタブレット端末,877045,1624654,297442038,645047531,2020-01-21,--,16.0,0.0,0.0,0.0,0.0
primeNumber,10_ブランド,10_01_ブランド名,10_01_ブランド名_003,フルブラウザ搭載のタブレット端末,877045,1624654,297442038,645047531,2020-01-22,--,8.0,1.0,101.0,0.0,0.0
primeNumber,10_ブランド,10_01_ブランド名,10_01_ブランド名_003,フルブラウザ搭載のタブレット端末,877045,1624654,297442038,645047531,2020-01-23,--,7.0,0.0,0.0,0.0,0.0
primeNumber,10_ブランド,10_01_ブランド名,10_01_ブランド名_003,フルブラウザ搭載のタブレット端末,877045,1624654,297442038,645047531,2020-01-24,--,2.0,0.0,0.0,0.0,0.0
primeNumber,10_ブランド,10_01_ブランド名,10_01_ブランド名_003,フルブラウザ搭載のタブレット端末,877045,1624654,297442038,645047531,2020-01-25,--,15.0,0.0,0.0,0.0,0.0
primeNumber,10_ブランド,10_01_ブランド名,10_01_ブランド名_003,フルブラウザ搭載のタブレット端末,877045,1624654,297442038,645047531,2020-01-26,--,19.0,0.0,0.0,0.0,0.0
primeNumber,10_ブランド,10_01_ブランド名,10_01_ブランド名_003,フルブラウザ搭載のタブレット端末,877045,1624654,297442038,645047531,2020-01-27,--,7.0,0.0,0.0,0.0,0.0
primeNumber,10_ブランド,10_01_ブランド名,10_01_ブランド名_003,フルブラウザ搭載のタブレット端末,877045,1624654,297442038,645047531,2020-01-28,--,16.0,0.0,0.0,0.0,0.0
primeNumber,10_ブランド,10_01_ブランド名,10_01_ブランド名_003,フルブラウザ搭載のタブレット端末,877045,1624654,297442038,645047531,2020-01-29,--,16.0,0.0,0.0,0.0,0.0
primeNumber,10_ブランド,10_01_ブランド名,10_01_ブランド名_003,フルブラウザ搭載のタブレット端末,877045,1624654,297442038,645047531,2020-01-30,--,16.0,0.0,0.0,0.0,0.0
primeNumber,10_ブランド,10_01_ブランド名,10_01_ブランド名_003,フルブラウザ搭載のタブレット端末,877045,1624654,297442038,645047531,2020-01-31,--,6.0,0.0,0.0,0.0,0.0
primeNumber,10_ブランド,10_01_ブランド名,10_01_ブランド名_003,フルブラウザ搭載のタブレット端末,877045,1624654,297442038,645047531,2020-02-01,--,21.0,0.0,0.0,0.0,0.0
primeNumber,10_ブランド,10_01_ブランド名,10_01_ブランド名_003,フルブラウザ搭載のタブレット端末,877045,1624654,297442038,645047531,2020-02-02,--,17.0,0.0,0.0,0.0,0.0
primeNumber,10_ブランド,10_01_ブランド名,10_01_ブランド名_003,フルブラウザ搭載のタブレット端末,877045,1624654,297442038,645047531,2020-02-03,--,9.0,1.0,268.0,0.0,0.0
primeNumber,10_ブランド,10_01_ブランド名,10_01_ブランド名_003,フルブラウザ搭載のタブレット端末,877045,1624654,297442038,645047531,2020-02-04,--,11.0,0.0,0.0,0.0,0.0
primeNumber,10_ブランド,10_01_ブランド名,10_01_ブランド名_003,フルブラウザ搭載のタブレット端末,877045,1624654,297442038,645047531,2020-02-05,--,5.0,0.0,0.0,0.0,0.0
primeNumber,10_ブランド,10_01_ブランド名,10_01_ブランド名_003,フルブラウザ搭載のタブレット端末,877045,1624654,297442038,645047531,2020-02-06,--,13.0,0.0,0.0,0.0,0.0
primeNumber,10_ブランド,10_01_ブランド名,10_01_ブランド名_003,フルブラウザ搭載のタブレット端末,877045,1624654,297442038,645047531,2020-02-07,--,18.0,0.0,0.0,0.0,0.0
primeNumber,10_ブランド,10_01_ブランド名,10_01_ブランド名_003,フルブラウザ搭載のタブレット端末,877045,1624654,297442038,645047531,2020-02-08,--,6.0,0.0,0.0,0.0,0.0
primeNumber,10_ブランド,10_01_ブランド名,10_01_ブランド名_003,フルブラウザ搭載のタブレット端末,877045,1624654,297442038,645047531,2020-02-09,--,15.0,0.0,0.0,0.0,0.0
primeNumber,10_ブランド,10_01_ブランド名,10_01_ブランド名_003,フルブラウザ搭載のタブレット端末,877045,1624654,297442038,645047531,2020-02-10,--,15.0,0.0,0.0,0.0,0.0
primeNumber,10_ブランド,10_01_ブランド名,10_01_ブランド名_003,フルブラウザ搭載のタブレット端末,877045,1624654,297442038,645047531,2020-02-11,--,7.0,0.0,0.0,0.0,0.0
primeNumber,10_ブランド,10_01_ブランド名,10_01_ブランド名_003,フルブラウザ搭載のタブレット端末,877045,1624654,297442038,645047531,2020-02-12,--,10.0,0.0,0.0,0.0,0.0
.0,0.0,0.0
primeNumber,10_ブランド,10_01_ブランド名,10_01_ブランド名_002,フルブラウザ搭載の携帯端末,877045,1624654,297442038,645047530,2020-02-25,--,51.0,0.0,0.0,0.0,0.0
primeNumber,10_ブランド,10_01_ブランド名,10_01_ブランド名_002,フルブラウザ搭載の携帯端末,877045,1624654,297442038,645047530,2020-02-26,--,36.0,1.0,73.0,0.0,0.0
primeNumber,10_ブランド,10_01_ブランド名,10_01_ブランド名_002,フルブラウザ搭載の携帯端末,877045,1624654,297442038,645047530,2020-02-27,--,48.0,5.0,587.0,0.0,0.0
primeNumber,10_ブランド,10_01_ブランド名,10_01_ブランド名_002,フルブラウザ搭載の携帯端末,877045,1624654,297442038,645047530,2020-02-28,--,54.0,1.0,268.0,0.0,0.0
primeNumber,10_ブランド,10_01_ブランド名,10_01_ブランド名_002,フルブラウザ搭載の携帯端末,877045,1624654,297442038,645047530,2020-02-29,--,71.0,0.0,0.0,0.0,0.0
primeNumber,10_ブランド,10_01_ブランド名,10_01_ブランド名_002,フルブラウザ搭載の携帯端末,877045,1624654,297442038,645047530,2020-03-01,--,83.0,0.0,0.0,0.0,0.0
primeNumber,10_ブランド,10_01_ブランド名,10_01_ブランド名_002,フルブラウザ搭載の携帯端末,877045,1624654,297442038,645047530,2020-03-02,--,71.0,1.0,84.0,0.0,0.0
primeNumber,10_ブランド,10_01_ブランド名,10_01_ブランド名_002,フルブラウザ搭載の携帯端末,877045,1624654,297442038,645047530,2020-03-03,--,54.0,0.0,0.0,0.0,0.0
primeNumber,10_ブランド,10_01_ブランド名,10_01_ブランド名_002,フルブラウザ搭載の携帯端末,877045,1624654,297442038,645047530,2020-03-04,--,52.0,1.0,24.0,0.0,0.0
primeNumber,10_ブランド,10_01_ブランド名,10_01_ブランド名_002,フルブラウザ搭載の携帯端末,877045,1624654,297442038,645047530,2020-03-05,--,57.0,0.0,0.0,0.0,0.0
primeNumber,10_ブランド,10_01_ブランド名,10_01_ブランド名_002,フルブラウザ搭載の携帯端末,877045,1624654,297442038,645047530,2020-03-06,--,74.0,1.0,239.0,0.0,0.0
primeNumber,10_ブランド,10_01_ブランド名,10_01_ブランド名_002,フルブラウザ搭載の携帯端末,877045,1624654,297442038,645047530,2020-03-07,--,75.0,0.0,0.0,0.0,0.0
primeNumber,10_ブランド,10_01_ブランド名,10_01_ブランド名_002,フルブラウザ搭載の携帯端末,877045,1624654,297442038,645047530,2020-03-08,--,103.0,0.0,0.0,0.0,0.0
primeNumber,10_ブランド,10_01_ブランド名,10_01_ブランド名_002,フルブラウザ搭載の携帯端末,877045,1624654,297442038,645047530,2020-03-09,--,61.0,0.0,0.0,0.0,0.0
primeNumber,10_ブランド,10_01_ブランド名,10_01_ブランド名_002,フルブラウザ搭載の携帯端末,877045,1624654,297442038,645047530,2020-03-10,--,57.0,0.0,0.0,0.0,0.0
primeNumber,10_ブランド,10_01_ブランド名,10_01_ブランド名_002,フルブラウザ搭載の携帯端末,877045,1624654,297442038,645047530,2020-03-11,--,106.0,2.0,359.0,0.0,0.0
primeNumber,10_ブランド,10_01_ブランド名,10_01_ブランド名_002,フルブラウザ搭載の携帯端末,877045,1624654,297442038,645047530,2020-03-12,--,101.0,0.0,0.0,0.0,0.0
primeNumber,10_ブランド,10_01_ブランド名,10_01_ブランド名_002,フルブラウザ搭載の携帯端末,877045,1624654,297442038,645047530,2020-03-13,--,88.0,0.0,0.0,0.0,0.0
primeNumber,10_ブランド,10_01_ブランド名,10_01_ブランド名_002,フルブラウザ搭載の携帯端末,877045,1624654,297442038,645047530,2020-03-14,--,157.0,3.0,294.0,0.0,0.0
primeNumber,10_ブランド,10_01_ブランド名,10_01_ブランド名_002,フルブラウザ搭載の携帯端末,877045,1624654,297442038,645047530,2020-03-15,--,216.0,1.0,191.0,0.0,0.0
primeNumber,10_ブランド,10_01_ブランド名,10_01_ブランド名_002,フルブラウザ搭載の携帯端末,877045,1624654,297442038,645047530,2020-03-16,--,126.0,1.0,70.0,0.0,0.0
primeNumber,10_ブランド,10_01_ブランド名,10_01_ブランド名_002,フルブラウザ搭載の携帯端末,877045,1624654,297442038,645047530,2020-03-17,--,130.0,0.0,0.0,0.0,0.0
primeNumber,10_ブランド,10_01_ブランド名,10_01_ブランド名_003,フルブラウザ搭載の携帯端末,877045,1624654,297442038,645047531,2020-01-22,--,225.0,0.0,0.0,0.0,0.0
primeNumber,10_ブランド,10_01_ブランド名,10_01_ブランド名_003,フルブラウザ搭載の携帯端末,877045,1624654,297442038,645047531,2020-01-23,--,234.0,0.0,0.0,0.0,0.0
primeNumber,10_ブランド,10_01_ブランド名,10_01_ブランド名_003,フルブラウザ搭載の携帯端末,877045,1624654,297442038,645047531,2020-01-24,--,230.0,1.0,479.0,0.0,0.0
primeNumber,10_ブランド,10_01_ブランド名,10_01_ブランド名_003,フルブラウザ搭載の携帯端末,877045,1624654,297442038,645047531,2020-01-25,--,291.0,3.0,521.0,0.0,0.0
primeNumber,10_ブランド,10_01_ブランド名,10_01_ブランド名_003,フルブラウザ搭載の携帯端末,877045,1624654,297442038,645047531,2020-01-26,--,279.0,6.0,690.0,0.0,0.0
primeNumber,10_ブランド,10_01_ブランド名,10_01_ブランド名_003,フルブラウザ搭載の携帯端末,877045,1624654,297442038,645047531,2020-01-27,--,230.0,1.0,261.0,0.0,0.0
primeNumber,10_ブランド,10_01_ブランド名,10_01_ブランド名_003,フルブラウザ搭載の携帯端末,877045,1624654,297442038,645047531,2020-01-28,--,189.0,2.0,165.0,0.0,0.0
primeNumber,10_ブランド,10_01_ブランド名,10_01_ブランド名_003,フルブラウザ搭載の携帯端末,877045,1624654,297442038,645047531,2020-01-29,--,201.0,0.0,0.0,0.0,0.0
primeNumber,10_ブランド,10_01_ブランド名,10_01_ブランド名_003,フルブラウザ搭載の携帯端末,877045,1624654,297442038,645047531,2020-01-30,--,215.0,1.0,236.0,0.0,0.0
primeNumber,10_ブランド,10_01_ブランド名,10_01_ブランド名_003,フルブラウザ搭載の携帯端末,877045,1624654,297442038,645047531,2020-01-31,--,237.0,1.0,174.0,0.0,0.0
primeNumber,10_ブランド,10_01_ブランド名,10_01_ブランド名_003,フルブラウザ搭載の携帯端末,877045,1624654,297442038,645047531,2020-02-01,--,257.0,3.0,377.0,0.0,0.0
primeNumber,10_ブランド,10_01_ブランド名,10_01_ブランド名_003,フルブラウザ搭載の携帯端末,877045,1624654,297442038,645047531,2020-02-02,--,313.0,4.0,485.0,0.0,0.0
primeNumber,10_ブランド,10_01_ブランド名,10_01_ブランド名_003,フルブラウザ搭載の携帯端末,877045,1624654,297442038,645047531,2020-02-03,--,242.0,1.0,73.0,0.0,0.0
primeNumber,10_ブランド,10_01_ブランド名,10_01_ブランド名_003,フルブラウザ搭載の携帯端末,877045,1624654,297442038,645047531,2020-02-04,--,247.0,1.0,87.0,0.0,0.0
primeNumber,10_ブランド,10_01_ブランド名,10_01_ブランド名_003,フルブラウザ搭載の携帯端末,877045,1624654,297442038,645047531,2020-02-05,--,256.0,2.0,303.0,0.0,0.0
primeNumber,10_ブランド,10_01_ブランド名,10_01_ブランド名_003,フルブラウザ搭載の携帯端末,877045,1624654,297442038,645047531,2020-02-06,--,333.0,3.0,513.0,0.0,0.0
primeNumber,10_ブランド,10_01_ブランド名,10_01_ブランド名_003,フルブラウザ搭載の携帯端末,877045,1624654,297442038,645047531,2020-02-07,--,262.0,2.0,255.0,0.0,0.0
primeNumber,10_ブランド,10_01_ブランド名,10_01_ブランド名_003,フルブラウザ搭載の携帯端末,877045,1624654,297442038,645047531,2020-02-08,--,325.0,5.0,983.0,0.0,0.0
primeNumber,10_ブランド,10_01_ブランド名,10_01_ブランド名_003,フルブラウザ搭載の携帯端末,877045,1624654,297442038,645047531,2020-02-09,--,352.0,3.0,670.0,0.0,0.0
primeNumber,10_ブランド,10_01_ブランド名,10_01_ブランド名_003,フルブラウザ搭載の携帯端末,877045,1624654,297442038,645047531,2020-02-10,--,242.0,1.0,144.0,0.0,0.0
primeNumber,10_ブランド,10_01_ブランド名,10_01_ブランド名_003,フルブラウザ搭載の携帯端末,877045,1624654,297442038,645047531,2020-02-11,--,311.0,3.0,280.0,0.0,0.0
primeNumber,10_ブランド,10_01_ブランド名,10_01_ブランド名_003,フルブラウザ搭載の携帯端末,877045,1624654,297442038,645047531,2020-02-12,--,256.0,3.0,524.0,0.0,0.0
primeNumber,10_ブランド,10_01_ブランド名,10_01_ブランド名_003,フルブラウザ搭載の携帯端末,877045,1624654,297442038,645047531,2020-02-13,--,228.0,1.0,211.0,0.0,0.0
primeNumber,10_ブランド,10_01_ブランド名,10_01_ブランド名_003,フルブラウザ搭載の携帯端末,877045,1624654,297442038,645047531,2020-02-14,--,205.0,5.0,875.0,0.0,0.0
primeNumber,10_ブランド,10_01_ブランド名,10_01_ブランド名_003,フルブラウザ搭載の携帯端末,877045,1624654,297442038,645047531,2020-02-15,--,317.0,5.0,765.0,0.0,0.0
primeNumber,10_ブランド,10_01_ブランド名,10_01_ブランド名_003,フルブラウザ搭載の携帯端末,877045,1624654,297442038,645047531,2020-02-16,--,409.0,0.0,0.0,0.0,0.0
primeNumber,10_ブランド,10_01_ブランド名,10_01_ブランド名_003,フルブラウザ搭載の携帯端末,877045,1624654,297442038,645047531,2020-02-17,--,246.0,1.0,217.0,0.0,0.0
primeNumber,10_ブランド,10_01_ブランド名,10_01_ブランド名_003,フルブラウザ搭載の携帯端末,877045,1624654,297442038,645047531,2020-02-18,--,260.0,2.0,101.0,0.0,0.0
primeNumber,10_ブランド,10_01_ブランド名,10_01_ブランド名_003,フルブラウザ搭載の携帯端末,877045,1624654,297442038,645047531,2020-02-19,--,430.0,0.0,0.0,0.0,0.0
primeNumber,10_ブランド,10_01_ブランド名,10_01_ブランド名_003,フルブラウザ搭載の携帯端末,877045,1624654,297442038,645047531,2020-02-20,--,404.0,2.0,184.0,0.0,0.0
primeNumber,10_ブランド,10_01_ブランド名,10_01_ブランド名_003,フルブラウザ搭載の携帯端末,877045,1624654,297442038,645047531,2020-02-21,--,374.0,4.0,899.0,0.0,0.0
primeNumber,10_ブランド,10_01_ブランド名,10_01_ブランド名_003,フルブラウザ搭載の携帯端末,877045,1624654,297442038,645047531,2020-02-22,--,616.0,2.0,257.0,0.0,0.0
primeNumber,10_ブランド,10_01_ブランド名,10_01_ブランド名_003,フルブラウザ搭載の携帯端末,877045,1624654,297442038,645047531,2020-02-23,--,485.0,4.0,708.0,0.0,0.0
primeNumber,10_ブランド,10_01_ブランド名,10_01_ブランド名_003,フルブラウザ搭載の携帯端末,877045,1624654,297442038,645047531,2020-02-24,--,372.0,3.0,883.0,0.0,0.0
primeNumber,10_ブランド,10_01_ブランド名,10_01_ブランド名_003,フルブラウザ搭載の携帯端末,877045,1624654,297442038,645047531,2020-02-25,--,226.0,1.0,87.0,0.0,0.0
primeNumber,10_ブランド,10_01_ブランド名,10_01_ブランド名_003,フルブラウザ搭載の携帯端末,877045,1624654,297442038,645047531,2020-02-26,--,196.0,1.0,40.0,0.0,0.0
primeNumber,10_ブランド,10_01_ブランド名,10_01_ブランド名_003,フルブラウザ搭載の携帯端末,877045,1624654,297442038,645047531,2020-02-27,--,198.0,0.0,0.0,0.0,0.0
primeNumber,10_ブランド,10_01_ブランド名,10_01_ブランド名_003,フルブラウザ搭載の携帯端末,877045,1624654,297442038,645047531,2020-02-28,--,156.0,1.0,229.0,0.0,0.0
primeNumber,10_ブランド,10_01_ブランド名,10_01_ブランド名_003,フルブラウザ搭載の携帯端末,877045,1624654,297442038,645047531,2020-02-29,--,210.0,0.0,0.0,0.0,0.0
primeNumber,10_ブランド,10_01_ブランド名,10_01_ブランド名_003,フルブラウザ搭載の携帯端末,877045,1624654,297442038,645047531,2020-03-01,--,225.0,2.0,541.0,0.0,0.0
primeNumber,10_ブランド,10_01_ブランド名,10_01_ブランド名_003,フルブラウザ搭載の携帯端末,877045,1624654,297442038,645047531,2020-03-02,--,166.0,3.0,658.0,0.0,0.0
primeNumber,10_ブランド,10_01_ブランド名,10_01_ブランド名_003,フルブラウザ搭載の携帯端末,877045,1624654,297442038,645047531,2020-03-03,--,177.0,2.0,135.0,0.0,0.0
primeNumber,10_ブランド,10_01_ブランド名,10_01_ブランド名_003,フルブラウザ搭載の携帯端末,877045,1624654,297442038,645047531,2020-03-04,--,205.0,0.0,0.0,0.0,0.0
primeNumber,10_ブランド,10_01_ブランド名,10_01_ブランド名_003,フルブラウザ搭載の携帯端末,877045,1624654,297442038,645047531,2020-03-05,--,151.0,2.0,226.0,0.0,0.0
primeNumber,10_ブランド,10_01_ブランド名,10_01_ブランド名_003,フルブラウザ搭載の携帯端末,877045,1624654,297442038,645047531,2020-03-06,--,206.0,0.0,0.0,0.0,0.0
primeNumber,10_ブランド,10_01_ブランド名,10_01_ブランド名_003,フルブラウザ搭載の携帯端末,877045,1624654,297442038,645047531,2020-03-07,--,162.0,2.0,344.0,0.0,0.0
primeNumber,10_ブランド,10_01_ブランド名,10_01_ブランド名_003,フルブラウザ搭載の携帯端末,877045,1624654,297442038,645047531,2020-03-08,--,150.0,2.0,362.0,0.0,0.0
primeNumber,10_ブランド,10_01_ブランド名,10_01_ブランド名_003,フルブラウザ搭載の携帯端末,877045,1624654,297442038,645047531,2020-03-09,--,118.0,1.0,95.0,0.0,0.0
primeNumber,10_ブランド,10_01_ブランド名,10_01_ブランド名_003,フルブラウザ搭載の携帯端末,877045,1624654,297442038,645047531,2020-03-10,--,153.0,1.0,307.0,0.0,0.0
primeNumber,10_ブランド,10_01_ブランド名,10_01_ブランド名_003,フルブラウザ搭載の携帯端末,877045,1624654,297442038,645047531,2020-03-11,--,131.0,2.0,310.0,0.0,0.0
primeNumber,10_ブランド,10_01_ブランド名,10_01_ブランド名_003,フルブラウザ搭載の携帯端末,877045,1624654,297442038,645047531,2020-03-12,--,115.0,1.0,180.0,0.0,0.0
primeNumber,10_ブランド,10_01_ブランド名,10_01_ブランド名_003,フルブラウザ搭載の携帯端末,877045,1624654,297442038,645047531,2020-03-13,--,113.0,1.0,301.0,0.0,0.0
primeNumber,10_ブランド,10_01_ブランド名,10_01_ブランド名_003,フルブラウザ搭載の携帯端末,877045,1624654,297442038,645047531,2020-03-14,--,117.0,0.0,0.0,0.0,0.0
primeNumber,10_ブランド,10_01_ブランド名,10_01_ブランド名_003,フルブラウザ搭載の携帯端末,877045,1624654,297442038,645047531,2020-03-15,--,100.0,2.0,345.0,0.0,0.0
primeNumber,10_ブランド,10_01_ブランド名,10_01_ブランド名_003,フルブラウザ搭載の携帯端末,877045,1624654,297442038,645047531,2020-03-16,--,85.0,1.0,206.0,0.0,0.0
primeNumber,10_ブランド,10_01_ブランド名,10_01_ブランド名_003,フルブラウザ搭載の携帯端末,877045,1624654,297442038,645047531,2020-03-17,--,81.0,0.0,0.0,0.0,0.0
primeNumber,10_ブランド,10_01_ブランド名,10_01_ブランド名_003,フルブラウザ搭載の携帯端末,877045,1624654,297442038,645047531,2020-03-18,--,84.0,2.0,394.0,0.0,0.0
primeNumber,10_ブランド,10_01_ブランド名,10_01_ブランド名_003,フルブラウザ搭載の携帯端末,877045,1624654,297442038,645047531,2020-03-19,--,118.0,1.0,85.0,0.0,0.0
primeNumber,10_ブランド,10_01_ブランド名,10_01_ブランド名_003,フルブラウザ搭載の携帯端末,877045,1624654,297442038,645047531,2020-03-20,--,122.0,2.0,437.0,0.0,0.0
primeNumber,10_ブランド,10_01_ブランド名,10_01_ブランド名_003,フルブラウザ搭載の携帯端末,877045,1624654,297442038,645047531,2020-03-21,--,172.0,7.0,1624.0,0.0,0.0
primeNumber,10_ブランド,10_01_ブランド名,10_01_ブランド名_003,フルブラウザ搭載の携帯端末,877045,1624654,297442038,645047531,2020-03-22,--,237.0,1.0,126.0,0.0,0.0
primeNumber,10_ブランド,10_01_ブランド名,10_01_ブランド名_003,フルブラウザ搭載の携帯端末,877045,1624654,297442038,645047531,2020-03-23,--,167.0,2.0,443.0,0.0,0.0
primeNumber,10_ブランド,10_01_ブランド名,10_01_ブランド名_003,フルブラウザ搭載の携帯端末,877045,1624654,297442038,645047531,2020-03-24,--,156.0,0.0,0.0,0.0,0.0
primeNumber,10_ブランド,10_01_ブランド名,10_01_ブランド名_003,フルブラウザ搭載の携帯端末,877045,1624654,297442038,645047531,2020-03-25,--,122.0,0.0,0.0,0.0,0.0
携帯端末,877045,1624654,297442038,645047531,2020-01-10,--,163.0,4.0,581.0,0.0,0.0
primeNumber,10_ブランド,10_01_ブランド名,10_01_ブランド名_003,フルブラウザ搭載の携帯端末,877045,1624654,297442038,645047531,2020-01-11,--,234.0,4.0,658.0,0.0,0.0
primeNumber,10_ブランド,10_01_ブランド名,10_01_ブランド名_003,フルブラウザ搭載の携帯端末,877045,1624654,297442038,645047531,2020-01-12,--,234.0,1.0,42.0,0.0,0.0
primeNumber,10_ブランド,10_01_ブランド名,10_01_ブランド名_003,フルブラウザ搭載の携帯端末,877045,1624654,297442038,645047531,2020-01-13,--,285.0,2.0,341.0,0.0,0.0
primeNumber,10_ブランド,10_01_ブランド名,10_01_ブランド名_003,フルブラウザ搭載の携帯端末,877045,1624654,297442038,645047531,2020-01-14,--,186.0,1.0,77.0,0.0,0.0
primeNumber,10_ブランド,10_01_ブランド名,10_01_ブランド名_003,フルブラウザ搭載の携帯端末,877045,1624654,297442038,645047531,2020-01-15,--,125.0,0.0,0.0,0.0,0.0
primeNumber,10_ブランド,10_01_ブランド名,10_01_ブランド名_003,フルブラウザ搭載の携帯端末,877045,1624654,297442038,645047531,2020-01-16,--,147.0,3.0,310.0,0.0,0.0
primeNumber,10_ブランド,10_01_ブランド名,10_01_ブランド名_003,フルブラウザ搭載の携帯端末,877045,1624654,297442038,645047531,2020-01-17,--,143.0,4.0,541.0,0.0,0.0
primeNumber,10_ブランド,10_01_ブランド名,10_01_ブランド名_003,フルブラウザ搭載の携帯端末,877045,1624654,297442038,645047531,2020-01-18,--,272.0,0.0,0.0,0.0,0.0
primeNumber,10_ブランド,10_01_ブランド名,10_01_ブランド名_003,フルブラウザ搭載の携帯端末,877045,1624654,297442038,645047531,2020-01-19,--,281.0,1.0,120.0,0.0,0.0
primeNumber,10_ブランド,10_01_ブランド名,10_01_ブランド名_003,フルブラウザ搭載の携帯端末,877045,1624654,297442038,645047531,2020-01-20,--,242.0,3.0,413.0,0.0,0.0
primeNumber,10_ブランド,10_01_ブランド名,10_01_ブランド名_003,フルブラウザ搭載の携帯端末,877045,1624654,297442038,645047531,2020-01-21,--,250.0,3.0,232.0,0.0,0.0
